lead_email,type,channel,duration,timestamp
iheb.sassi1@prospects.tn,meeting,physical,2785,2026-05-25T00:00:00Z
iheb.sassi1@prospects.tn,meeting,physical,2332,2026-05-01T11:00:00Z
iheb.sassi1@prospects.tn,meeting,physical,2150,2026-05-25T16:00:00Z
iheb.sassi1@prospects.tn,meeting,physical,1832,2026-05-09T21:00:00Z
iheb.sassi1@prospects.tn,form_submit,web,174,2026-05-18T10:00:00Z
iheb.sassi1@prospects.tn,email_opened,email,26,2026-04-15T03:00:00Z
iheb.sassi1@prospects.tn,email_opened,email,188,2026-04-30T05:00:00Z
iheb.sassi1@prospects.tn,email_opened,email,69,2026-05-21T08:00:00Z
iheb.sassi1@prospects.tn,email_opened,email,122,2026-04-16T03:00:00Z
iheb.sassi1@prospects.tn,email_opened,email,104,2026-05-22T13:00:00Z
iheb.sassi1@prospects.tn,website_visit,web,157,2026-05-06T23:00:00Z
iheb.sassi1@prospects.tn,website_visit,web,457,2026-05-04T13:00:00Z
iheb.sassi1@prospects.tn,website_visit,web,50,2026-05-22T16:00:00Z
hatem.hamdi2@prospects.tn,meeting,physical,2252,2026-05-17T00:00:00Z
hatem.hamdi2@prospects.tn,meeting,physical,3452,2026-02-04T13:00:00Z
hatem.hamdi2@prospects.tn,meeting,physical,2185,2026-04-06T12:00:00Z
hatem.hamdi2@prospects.tn,form_submit,web,399,2026-04-07T23:00:00Z
hatem.hamdi2@prospects.tn,email_opened,email,51,2026-05-06T05:00:00Z
hatem.hamdi2@prospects.tn,email_opened,email,96,2026-03-30T18:00:00Z
hatem.hamdi2@prospects.tn,email_opened,email,149,2026-02-18T12:00:00Z
hatem.hamdi2@prospects.tn,email_opened,email,99,2026-03-22T00:00:00Z
hatem.hamdi2@prospects.tn,email_opened,email,190,2026-02-18T09:00:00Z
hatem.hamdi2@prospects.tn,email_opened,email,124,2026-02-06T13:00:00Z
hatem.hamdi2@prospects.tn,website_visit,web,182,2026-04-21T18:00:00Z
hatem.hamdi2@prospects.tn,website_visit,web,221,2026-03-29T20:00:00Z
hatem.hamdi2@prospects.tn,website_visit,web,371,2026-02-21T14:00:00Z
hatem.hamdi2@prospects.tn,website_visit,web,166,2026-03-08T14:00:00Z
hatem.hamdi2@prospects.tn,website_visit,web,298,2026-04-07T06:00:00Z
hatem.hamdi2@prospects.tn,website_visit,web,80,2026-03-17T15:00:00Z
karim.mejri3@prospects.tn,form_submit,web,372,2026-05-27T00:00:00Z
karim.mejri3@prospects.tn,website_visit,web,450,2026-05-26T14:00:00Z
iheb.hachicha4@prospects.tn,meeting,physical,3021,2026-05-12T00:00:00Z
iheb.hachicha4@prospects.tn,meeting,physical,2802,2026-05-08T17:00:00Z
iheb.hachicha4@prospects.tn,email_opened,email,32,2026-05-11T10:00:00Z
iheb.hachicha4@prospects.tn,email_opened,email,162,2026-05-06T19:00:00Z
iheb.hachicha4@prospects.tn,email_opened,email,83,2026-05-08T13:00:00Z
iheb.hachicha4@prospects.tn,email_opened,email,51,2026-05-09T14:00:00Z
iheb.hachicha4@prospects.tn,website_visit,web,248,2026-04-27T23:00:00Z
iheb.hachicha4@prospects.tn,website_visit,web,83,2026-05-07T14:00:00Z
iheb.hachicha4@prospects.tn,website_visit,web,425,2026-04-30T07:00:00Z
iheb.hachicha4@prospects.tn,website_visit,web,252,2026-05-12T08:00:00Z
iheb.hachicha4@prospects.tn,website_visit,web,356,2026-05-08T15:00:00Z
rania.rekik5@prospects.tn,email_opened,email,124,2026-06-03T00:00:00Z
rania.rekik5@prospects.tn,website_visit,web,184,2026-05-28T13:00:00Z
rania.rekik5@prospects.tn,website_visit,web,292,2026-05-21T06:00:00Z
iheb.hamdi6@prospects.tn,email_opened,email,159,2026-05-24T00:00:00Z
iheb.hamdi6@prospects.tn,website_visit,web,424,2026-05-20T15:00:00Z
iheb.hamdi6@prospects.tn,website_visit,web,323,2026-05-20T08:00:00Z
iheb.hamdi6@prospects.tn,website_visit,web,474,2026-05-23T15:00:00Z
bilel.hamdi7@prospects.tn,meeting,physical,3532,2026-05-13T00:00:00Z
bilel.hamdi7@prospects.tn,meeting,physical,2655,2026-04-16T14:00:00Z
bilel.hamdi7@prospects.tn,meeting,physical,1455,2026-04-23T10:00:00Z
bilel.hamdi7@prospects.tn,meeting,physical,2791,2026-04-27T08:00:00Z
bilel.hamdi7@prospects.tn,email_opened,email,66,2026-04-29T08:00:00Z
bilel.hamdi7@prospects.tn,email_opened,email,32,2026-04-08T15:00:00Z
bilel.hamdi7@prospects.tn,email_opened,email,86,2026-04-04T23:00:00Z
bilel.hamdi7@prospects.tn,website_visit,web,209,2026-05-07T01:00:00Z
bilel.hamdi7@prospects.tn,website_visit,web,182,2026-04-25T07:00:00Z
emna.khelifi8@prospects.tn,meeting,physical,1587,2026-06-04T00:00:00Z
emna.khelifi8@prospects.tn,meeting,physical,3381,2026-05-26T12:00:00Z
emna.khelifi8@prospects.tn,meeting,physical,3387,2026-03-21T22:00:00Z
emna.khelifi8@prospects.tn,meeting,physical,1369,2026-02-24T02:00:00Z
emna.khelifi8@prospects.tn,form_submit,web,143,2026-04-15T22:00:00Z
emna.khelifi8@prospects.tn,form_submit,web,219,2026-05-16T20:00:00Z
emna.khelifi8@prospects.tn,form_submit,web,115,2026-03-02T03:00:00Z
emna.khelifi8@prospects.tn,form_submit,web,356,2026-04-29T09:00:00Z
emna.khelifi8@prospects.tn,email_opened,email,26,2026-05-18T21:00:00Z
emna.khelifi8@prospects.tn,email_opened,email,99,2026-04-16T03:00:00Z
emna.khelifi8@prospects.tn,website_visit,web,309,2026-05-11T18:00:00Z
emna.khelifi8@prospects.tn,website_visit,web,361,2026-05-10T01:00:00Z
bassem.feki9@prospects.tn,meeting,physical,3037,2026-05-24T00:00:00Z
bassem.feki9@prospects.tn,meeting,physical,3564,2026-04-17T14:00:00Z
bassem.feki9@prospects.tn,meeting,physical,2006,2026-04-13T14:00:00Z
bassem.feki9@prospects.tn,form_submit,web,375,2026-05-24T19:00:00Z
bassem.feki9@prospects.tn,form_submit,web,335,2026-04-30T10:00:00Z
bassem.feki9@prospects.tn,email_opened,email,143,2026-03-16T15:00:00Z
bassem.feki9@prospects.tn,email_opened,email,139,2026-04-23T05:00:00Z
bassem.feki9@prospects.tn,website_visit,web,238,2026-05-14T06:00:00Z
bassem.feki9@prospects.tn,website_visit,web,437,2026-04-27T08:00:00Z
bassem.feki9@prospects.tn,website_visit,web,389,2026-04-25T08:00:00Z
bassem.feki9@prospects.tn,website_visit,web,318,2026-04-17T17:00:00Z
bassem.feki9@prospects.tn,website_visit,web,152,2026-03-14T16:00:00Z
bassem.feki9@prospects.tn,website_visit,web,180,2026-04-06T02:00:00Z
bassem.feki9@prospects.tn,website_visit,web,451,2026-04-12T23:00:00Z
bassem.feki9@prospects.tn,website_visit,web,140,2026-05-04T15:00:00Z
bassem.feki9@prospects.tn,website_visit,web,440,2026-05-23T07:00:00Z
bassem.feki9@prospects.tn,website_visit,web,493,2026-05-12T20:00:00Z
bassem.feki9@prospects.tn,website_visit,web,59,2026-05-14T14:00:00Z
bilel.mejri10@prospects.tn,meeting,physical,2155,2026-05-27T00:00:00Z
bilel.mejri10@prospects.tn,form_submit,web,188,2026-05-13T22:00:00Z
bilel.mejri10@prospects.tn,form_submit,web,178,2026-04-20T06:00:00Z
bilel.mejri10@prospects.tn,email_opened,email,50,2026-04-22T23:00:00Z
bilel.mejri10@prospects.tn,email_opened,email,69,2026-05-09T08:00:00Z
bilel.mejri10@prospects.tn,website_visit,web,176,2026-05-25T18:00:00Z
bilel.mejri10@prospects.tn,website_visit,web,76,2026-05-27T16:00:00Z
bilel.mejri10@prospects.tn,website_visit,web,395,2026-05-17T09:00:00Z
ghada.karoui11@prospects.tn,meeting,physical,950,2026-05-27T00:00:00Z
ghada.karoui11@prospects.tn,meeting,physical,3251,2026-04-12T08:00:00Z
ghada.karoui11@prospects.tn,form_submit,web,205,2026-05-09T03:00:00Z
ghada.karoui11@prospects.tn,form_submit,web,300,2026-04-13T12:00:00Z
ghada.karoui11@prospects.tn,email_opened,email,142,2026-05-10T02:00:00Z
ghada.karoui11@prospects.tn,email_opened,email,132,2026-05-15T20:00:00Z
ghada.karoui11@prospects.tn,website_visit,web,189,2026-05-22T01:00:00Z
ghada.karoui11@prospects.tn,website_visit,web,109,2026-04-18T04:00:00Z
mariem.tlili12@prospects.tn,email_opened,email,98,2026-03-07T00:00:00Z
mariem.cherif13@prospects.tn,meeting,physical,2824,2026-05-11T00:00:00Z
mariem.cherif13@prospects.tn,meeting,physical,2092,2026-04-01T20:00:00Z
mariem.cherif13@prospects.tn,form_submit,web,76,2026-03-24T13:00:00Z
mariem.cherif13@prospects.tn,form_submit,web,178,2026-03-13T17:00:00Z
mariem.cherif13@prospects.tn,email_opened,email,93,2026-03-27T20:00:00Z
mariem.cherif13@prospects.tn,email_opened,email,200,2026-03-18T08:00:00Z
mariem.cherif13@prospects.tn,email_opened,email,92,2026-03-17T02:00:00Z
mariem.cherif13@prospects.tn,email_opened,email,199,2026-03-06T05:00:00Z
mariem.cherif13@prospects.tn,email_opened,email,136,2026-04-07T19:00:00Z
mariem.cherif13@prospects.tn,website_visit,web,51,2026-05-10T09:00:00Z
mariem.cherif13@prospects.tn,website_visit,web,366,2026-04-24T03:00:00Z
mariem.cherif13@prospects.tn,website_visit,web,134,2026-04-27T22:00:00Z
yosr.limam14@prospects.tn,meeting,physical,984,2026-05-18T00:00:00Z
yosr.limam14@prospects.tn,meeting,physical,2003,2026-04-29T05:00:00Z
yosr.limam14@prospects.tn,form_submit,web,355,2026-05-09T20:00:00Z
yosr.limam14@prospects.tn,email_opened,email,30,2026-05-13T02:00:00Z
yosr.limam14@prospects.tn,email_opened,email,64,2026-05-12T11:00:00Z
yosr.limam14@prospects.tn,email_opened,email,140,2026-05-08T10:00:00Z
yosr.limam14@prospects.tn,website_visit,web,280,2026-05-02T21:00:00Z
yosr.limam14@prospects.tn,website_visit,web,348,2026-04-18T05:00:00Z
yosr.limam14@prospects.tn,website_visit,web,241,2026-05-03T13:00:00Z
skander.sfar15@prospects.tn,meeting,physical,2592,2026-05-22T00:00:00Z
skander.sfar15@prospects.tn,meeting,physical,1122,2026-03-09T09:00:00Z
skander.sfar15@prospects.tn,form_submit,web,156,2026-04-18T22:00:00Z
skander.sfar15@prospects.tn,form_submit,web,325,2026-04-24T03:00:00Z
skander.sfar15@prospects.tn,email_opened,email,112,2026-02-24T20:00:00Z
skander.sfar15@prospects.tn,email_opened,email,179,2026-05-09T07:00:00Z
skander.sfar15@prospects.tn,website_visit,web,402,2026-05-22T05:00:00Z
skander.sfar15@prospects.tn,website_visit,web,270,2026-04-01T17:00:00Z
skander.sfar15@prospects.tn,website_visit,web,335,2026-02-22T17:00:00Z
skander.sfar15@prospects.tn,website_visit,web,241,2026-04-14T02:00:00Z
skander.sfar15@prospects.tn,website_visit,web,404,2026-03-21T03:00:00Z
skander.sfar15@prospects.tn,website_visit,web,41,2026-04-21T03:00:00Z
skander.sfar15@prospects.tn,website_visit,web,119,2026-05-14T04:00:00Z
skander.sfar15@prospects.tn,website_visit,web,151,2026-04-25T22:00:00Z
skander.sfar15@prospects.tn,website_visit,web,296,2026-03-30T16:00:00Z
takwa.nasri16@prospects.tn,email_opened,email,149,2026-05-19T00:00:00Z
takwa.nasri16@prospects.tn,email_opened,email,88,2026-04-21T23:00:00Z
takwa.nasri16@prospects.tn,website_visit,web,435,2026-04-23T18:00:00Z
takwa.nasri16@prospects.tn,website_visit,web,16,2026-05-17T04:00:00Z
maha.feki17@prospects.tn,email_opened,email,101,2026-05-30T00:00:00Z
maha.feki17@prospects.tn,email_opened,email,141,2026-05-26T12:00:00Z
maha.feki17@prospects.tn,website_visit,web,376,2026-05-30T20:00:00Z
maha.feki17@prospects.tn,website_visit,web,482,2026-05-22T15:00:00Z
chedi.ferchichi18@prospects.tn,email_opened,email,87,2026-05-26T00:00:00Z
chedi.ferchichi18@prospects.tn,email_opened,email,106,2026-05-25T20:00:00Z
chedi.ferchichi18@prospects.tn,email_opened,email,179,2026-05-20T10:00:00Z
chedi.ferchichi18@prospects.tn,website_visit,web,369,2026-05-25T10:00:00Z
skander.feki19@prospects.tn,meeting,physical,1581,2026-05-15T00:00:00Z
skander.feki19@prospects.tn,meeting,physical,2126,2026-05-15T04:00:00Z
skander.feki19@prospects.tn,form_submit,web,74,2026-05-13T16:00:00Z
skander.feki19@prospects.tn,form_submit,web,83,2026-05-15T18:00:00Z
skander.feki19@prospects.tn,form_submit,web,226,2026-05-13T05:00:00Z
skander.feki19@prospects.tn,email_opened,email,34,2026-05-13T02:00:00Z
skander.feki19@prospects.tn,email_opened,email,95,2026-05-15T19:00:00Z
skander.feki19@prospects.tn,email_opened,email,111,2026-05-13T15:00:00Z
skander.feki19@prospects.tn,website_visit,web,206,2026-05-13T07:00:00Z
nidhal.oueslati20@prospects.tn,meeting,physical,2771,2026-05-26T00:00:00Z
nidhal.oueslati20@prospects.tn,form_submit,web,214,2026-04-25T22:00:00Z
nidhal.oueslati20@prospects.tn,form_submit,web,161,2026-04-25T00:00:00Z
nidhal.oueslati20@prospects.tn,form_submit,web,256,2026-05-08T08:00:00Z
nidhal.oueslati20@prospects.tn,website_visit,web,451,2026-03-20T18:00:00Z
nidhal.oueslati20@prospects.tn,website_visit,web,262,2026-03-25T19:00:00Z
nidhal.oueslati20@prospects.tn,website_visit,web,69,2026-05-21T09:00:00Z
nidhal.oueslati20@prospects.tn,website_visit,web,136,2026-04-17T19:00:00Z
nidhal.oueslati20@prospects.tn,website_visit,web,210,2026-05-03T07:00:00Z
nidhal.oueslati20@prospects.tn,website_visit,web,307,2026-04-12T19:00:00Z
nidhal.oueslati20@prospects.tn,website_visit,web,198,2026-04-20T21:00:00Z
nidhal.oueslati20@prospects.tn,website_visit,web,309,2026-04-05T20:00:00Z
ghada.khelifi21@prospects.tn,email_opened,email,89,2026-01-08T00:00:00Z
ghada.khelifi21@prospects.tn,email_opened,email,62,2026-01-08T15:00:00Z
wassim.zouari22@prospects.tn,meeting,physical,2516,2026-06-01T00:00:00Z
wassim.zouari22@prospects.tn,meeting,physical,957,2026-04-17T19:00:00Z
wassim.zouari22@prospects.tn,meeting,physical,1983,2026-03-21T20:00:00Z
wassim.zouari22@prospects.tn,form_submit,web,334,2026-02-09T20:00:00Z
wassim.zouari22@prospects.tn,form_submit,web,123,2026-05-22T22:00:00Z
wassim.zouari22@prospects.tn,form_submit,web,292,2026-04-11T20:00:00Z
wassim.zouari22@prospects.tn,form_submit,web,248,2026-05-08T03:00:00Z
wassim.zouari22@prospects.tn,email_opened,email,192,2026-02-28T01:00:00Z
wassim.zouari22@prospects.tn,email_opened,email,192,2026-02-02T09:00:00Z
wassim.zouari22@prospects.tn,email_opened,email,87,2026-05-30T03:00:00Z
wassim.zouari22@prospects.tn,email_opened,email,169,2026-02-17T07:00:00Z
wassim.zouari22@prospects.tn,email_opened,email,117,2026-02-27T12:00:00Z
wassim.zouari22@prospects.tn,email_opened,email,183,2026-05-20T11:00:00Z
wassim.zouari22@prospects.tn,email_opened,email,115,2026-05-11T18:00:00Z
wassim.zouari22@prospects.tn,email_opened,email,47,2026-03-04T13:00:00Z
wassim.zouari22@prospects.tn,email_opened,email,192,2026-02-18T15:00:00Z
wassim.zouari22@prospects.tn,email_opened,email,79,2026-05-08T08:00:00Z
wassim.zouari22@prospects.tn,email_opened,email,140,2026-02-01T22:00:00Z
wassim.zouari22@prospects.tn,email_opened,email,26,2026-04-28T06:00:00Z
wassim.zouari22@prospects.tn,website_visit,web,332,2026-05-17T14:00:00Z
wassim.zouari22@prospects.tn,website_visit,web,467,2026-03-25T11:00:00Z
wassim.zouari22@prospects.tn,website_visit,web,497,2026-02-18T21:00:00Z
chaima.feki23@prospects.tn,meeting,physical,1897,2026-05-23T00:00:00Z
chaima.feki23@prospects.tn,meeting,physical,1415,2026-05-04T06:00:00Z
chaima.feki23@prospects.tn,form_submit,web,349,2026-05-09T06:00:00Z
chaima.feki23@prospects.tn,website_visit,web,120,2026-03-24T10:00:00Z
chaima.feki23@prospects.tn,website_visit,web,50,2026-03-13T19:00:00Z
chaima.feki23@prospects.tn,website_visit,web,439,2026-02-23T08:00:00Z
chaima.feki23@prospects.tn,website_visit,web,406,2026-03-13T04:00:00Z
donia.oueslati24@prospects.tn,meeting,physical,1160,2026-05-30T00:00:00Z
donia.oueslati24@prospects.tn,meeting,physical,2850,2026-01-29T23:00:00Z
donia.oueslati24@prospects.tn,email_opened,email,134,2026-05-04T21:00:00Z
donia.oueslati24@prospects.tn,email_opened,email,112,2026-03-31T09:00:00Z
donia.oueslati24@prospects.tn,email_opened,email,151,2026-03-23T20:00:00Z
donia.oueslati24@prospects.tn,email_opened,email,171,2026-05-27T00:00:00Z
donia.oueslati24@prospects.tn,email_opened,email,47,2026-01-31T15:00:00Z
donia.oueslati24@prospects.tn,email_opened,email,135,2026-05-12T12:00:00Z
donia.oueslati24@prospects.tn,email_opened,email,148,2026-03-19T21:00:00Z
donia.oueslati24@prospects.tn,email_opened,email,76,2026-02-06T15:00:00Z
donia.oueslati24@prospects.tn,website_visit,web,499,2026-04-25T14:00:00Z
donia.oueslati24@prospects.tn,website_visit,web,329,2026-02-02T02:00:00Z
zied.guesmi25@prospects.tn,meeting,physical,3566,2026-05-31T00:00:00Z
zied.guesmi25@prospects.tn,meeting,physical,3158,2026-05-21T04:00:00Z
zied.guesmi25@prospects.tn,meeting,physical,1780,2026-05-28T02:00:00Z
zied.guesmi25@prospects.tn,meeting,physical,2661,2026-05-03T02:00:00Z
zied.guesmi25@prospects.tn,form_submit,web,291,2026-05-03T13:00:00Z
zied.guesmi25@prospects.tn,email_opened,email,78,2026-05-04T23:00:00Z
zied.guesmi25@prospects.tn,email_opened,email,125,2026-05-21T04:00:00Z
zied.guesmi25@prospects.tn,email_opened,email,106,2026-05-01T18:00:00Z
zied.guesmi25@prospects.tn,email_opened,email,136,2026-05-19T21:00:00Z
zied.guesmi25@prospects.tn,email_opened,email,122,2026-05-05T13:00:00Z
zied.guesmi25@prospects.tn,email_opened,email,126,2026-05-20T21:00:00Z
zied.guesmi25@prospects.tn,email_opened,email,44,2026-05-25T23:00:00Z
zied.guesmi25@prospects.tn,email_opened,email,100,2026-05-01T09:00:00Z
zied.guesmi25@prospects.tn,email_opened,email,129,2026-05-17T11:00:00Z
zied.guesmi25@prospects.tn,website_visit,web,175,2026-05-04T18:00:00Z
zied.guesmi25@prospects.tn,website_visit,web,355,2026-05-30T06:00:00Z
zied.guesmi25@prospects.tn,website_visit,web,145,2026-05-07T21:00:00Z
rim.mabrouk26@prospects.tn,email_opened,email,175,2026-06-02T00:00:00Z
rim.mabrouk26@prospects.tn,email_opened,email,188,2026-06-02T00:00:00Z
lina.rekik27@prospects.tn,meeting,physical,1781,2026-05-10T00:00:00Z
lina.rekik27@prospects.tn,meeting,physical,2440,2026-04-29T19:00:00Z
lina.rekik27@prospects.tn,form_submit,web,274,2026-02-26T01:00:00Z
lina.rekik27@prospects.tn,email_opened,email,136,2026-03-07T05:00:00Z
lina.rekik27@prospects.tn,email_opened,email,107,2026-05-06T01:00:00Z
lina.rekik27@prospects.tn,website_visit,web,95,2026-02-26T08:00:00Z
lina.rekik27@prospects.tn,website_visit,web,204,2026-04-13T21:00:00Z
lina.rekik27@prospects.tn,website_visit,web,174,2026-04-11T15:00:00Z
lina.rekik27@prospects.tn,website_visit,web,384,2026-05-04T14:00:00Z
lina.rekik27@prospects.tn,website_visit,web,181,2026-04-10T08:00:00Z
nour.daldoul28@prospects.tn,form_submit,web,168,2026-05-23T00:00:00Z
nour.daldoul28@prospects.tn,email_opened,email,55,2026-05-14T17:00:00Z
nour.daldoul28@prospects.tn,email_opened,email,85,2026-05-09T16:00:00Z
nour.daldoul28@prospects.tn,email_opened,email,94,2026-05-19T21:00:00Z
nour.daldoul28@prospects.tn,email_opened,email,103,2026-05-13T02:00:00Z
nour.daldoul28@prospects.tn,email_opened,email,50,2026-05-14T23:00:00Z
nour.daldoul28@prospects.tn,website_visit,web,18,2026-05-03T13:00:00Z
nour.daldoul28@prospects.tn,website_visit,web,269,2026-05-02T14:00:00Z
nour.daldoul28@prospects.tn,website_visit,web,397,2026-05-04T10:00:00Z
nour.daldoul28@prospects.tn,website_visit,web,235,2026-05-20T13:00:00Z
nour.daldoul28@prospects.tn,website_visit,web,104,2026-05-20T12:00:00Z
nour.daldoul28@prospects.tn,website_visit,web,81,2026-05-22T13:00:00Z
wassim.chaabane29@prospects.tn,website_visit,web,55,2026-04-01T00:00:00Z
hela.tlili30@prospects.tn,meeting,physical,1499,2026-05-25T00:00:00Z
hela.tlili30@prospects.tn,meeting,physical,1948,2026-03-13T20:00:00Z
hela.tlili30@prospects.tn,form_submit,web,161,2026-03-12T04:00:00Z
hela.tlili30@prospects.tn,form_submit,web,148,2026-03-28T02:00:00Z
hela.tlili30@prospects.tn,email_opened,email,174,2026-04-01T14:00:00Z
hela.tlili30@prospects.tn,email_opened,email,59,2026-04-21T09:00:00Z
hela.tlili30@prospects.tn,email_opened,email,187,2026-05-12T08:00:00Z
hela.tlili30@prospects.tn,email_opened,email,39,2026-04-16T01:00:00Z
hela.tlili30@prospects.tn,email_opened,email,65,2026-03-17T16:00:00Z
hela.tlili30@prospects.tn,email_opened,email,180,2026-02-09T09:00:00Z
hela.tlili30@prospects.tn,email_opened,email,146,2026-03-31T14:00:00Z
hela.tlili30@prospects.tn,email_opened,email,138,2026-02-04T01:00:00Z
hela.tlili30@prospects.tn,email_opened,email,164,2026-03-19T09:00:00Z
hela.tlili30@prospects.tn,email_opened,email,168,2026-02-09T20:00:00Z
hela.tlili30@prospects.tn,website_visit,web,244,2026-05-21T02:00:00Z
hela.tlili30@prospects.tn,website_visit,web,363,2026-04-19T19:00:00Z
hela.tlili30@prospects.tn,website_visit,web,488,2026-04-05T12:00:00Z
hela.tlili30@prospects.tn,website_visit,web,466,2026-03-31T18:00:00Z
hela.tlili30@prospects.tn,website_visit,web,304,2026-04-11T23:00:00Z
hela.tlili30@prospects.tn,website_visit,web,344,2026-05-25T01:00:00Z
hela.tlili30@prospects.tn,website_visit,web,340,2026-03-29T18:00:00Z
hela.tlili30@prospects.tn,website_visit,web,334,2026-04-24T06:00:00Z
zied.baccouche31@prospects.tn,meeting,physical,3046,2026-05-31T00:00:00Z
zied.baccouche31@prospects.tn,meeting,physical,3041,2026-03-15T17:00:00Z
zied.baccouche31@prospects.tn,meeting,physical,3397,2026-05-28T12:00:00Z
zied.baccouche31@prospects.tn,meeting,physical,1550,2026-04-08T08:00:00Z
zied.baccouche31@prospects.tn,meeting,physical,2390,2026-05-26T19:00:00Z
zied.baccouche31@prospects.tn,email_opened,email,115,2026-03-22T10:00:00Z
zied.baccouche31@prospects.tn,email_opened,email,92,2026-03-13T18:00:00Z
zied.baccouche31@prospects.tn,email_opened,email,119,2026-05-26T04:00:00Z
zied.baccouche31@prospects.tn,email_opened,email,124,2026-04-16T09:00:00Z
zied.baccouche31@prospects.tn,email_opened,email,106,2026-05-25T22:00:00Z
zied.baccouche31@prospects.tn,email_opened,email,193,2026-05-26T12:00:00Z
zied.baccouche31@prospects.tn,email_opened,email,173,2026-03-19T19:00:00Z
zied.baccouche31@prospects.tn,website_visit,web,41,2026-03-13T09:00:00Z
zied.baccouche31@prospects.tn,website_visit,web,419,2026-05-13T12:00:00Z
zied.baccouche31@prospects.tn,website_visit,web,338,2026-05-24T10:00:00Z
zied.baccouche31@prospects.tn,website_visit,web,346,2026-03-19T21:00:00Z
zied.baccouche31@prospects.tn,website_visit,web,186,2026-05-31T23:00:00Z
zied.baccouche31@prospects.tn,website_visit,web,48,2026-05-29T16:00:00Z
zied.baccouche31@prospects.tn,website_visit,web,183,2026-03-14T20:00:00Z
khalil.daldoul32@prospects.tn,meeting,physical,3110,2026-06-04T00:00:00Z
khalil.daldoul32@prospects.tn,form_submit,web,329,2026-04-11T23:00:00Z
khalil.daldoul32@prospects.tn,form_submit,web,79,2026-05-16T01:00:00Z
khalil.daldoul32@prospects.tn,form_submit,web,398,2026-05-12T11:00:00Z
khalil.daldoul32@prospects.tn,email_opened,email,106,2026-04-20T14:00:00Z
khalil.daldoul32@prospects.tn,email_opened,email,178,2026-04-26T23:00:00Z
khalil.daldoul32@prospects.tn,email_opened,email,53,2026-05-17T07:00:00Z
khalil.daldoul32@prospects.tn,email_opened,email,172,2026-05-28T07:00:00Z
khalil.daldoul32@prospects.tn,website_visit,web,207,2026-04-29T15:00:00Z
khalil.daldoul32@prospects.tn,website_visit,web,93,2026-04-14T11:00:00Z
khalil.daldoul32@prospects.tn,website_visit,web,98,2026-06-02T14:00:00Z
khalil.daldoul32@prospects.tn,website_visit,web,107,2026-05-19T09:00:00Z
fares.daldoul33@prospects.tn,meeting,physical,2067,2026-05-22T00:00:00Z
fares.daldoul33@prospects.tn,meeting,physical,1243,2026-03-06T12:00:00Z
fares.daldoul33@prospects.tn,form_submit,web,142,2026-05-03T11:00:00Z
fares.daldoul33@prospects.tn,form_submit,web,199,2026-03-30T12:00:00Z
fares.daldoul33@prospects.tn,form_submit,web,290,2026-03-10T11:00:00Z
fares.daldoul33@prospects.tn,form_submit,web,322,2026-03-28T00:00:00Z
fares.daldoul33@prospects.tn,form_submit,web,135,2026-04-09T03:00:00Z
fares.daldoul33@prospects.tn,email_opened,email,131,2026-05-22T10:00:00Z
fares.daldoul33@prospects.tn,email_opened,email,43,2026-03-18T04:00:00Z
fares.daldoul33@prospects.tn,email_opened,email,76,2026-03-04T09:00:00Z
fares.daldoul33@prospects.tn,email_opened,email,135,2026-04-29T22:00:00Z
fares.daldoul33@prospects.tn,email_opened,email,109,2026-03-17T22:00:00Z
fares.daldoul33@prospects.tn,website_visit,web,491,2026-04-29T14:00:00Z
fares.daldoul33@prospects.tn,website_visit,web,28,2026-05-17T00:00:00Z
fares.daldoul33@prospects.tn,website_visit,web,227,2026-03-10T00:00:00Z
sabri.larbi34@prospects.tn,meeting,physical,1354,2026-05-31T00:00:00Z
sabri.larbi34@prospects.tn,form_submit,web,315,2026-04-20T07:00:00Z
sabri.larbi34@prospects.tn,form_submit,web,365,2026-05-06T05:00:00Z
sabri.larbi34@prospects.tn,form_submit,web,334,2026-02-10T16:00:00Z
sabri.larbi34@prospects.tn,form_submit,web,68,2026-04-22T02:00:00Z
sabri.larbi34@prospects.tn,email_opened,email,181,2026-05-29T16:00:00Z
sabri.larbi34@prospects.tn,email_opened,email,151,2026-01-25T12:00:00Z
sabri.larbi34@prospects.tn,email_opened,email,167,2026-05-20T01:00:00Z
sabri.larbi34@prospects.tn,email_opened,email,81,2026-04-29T11:00:00Z
sabri.larbi34@prospects.tn,website_visit,web,382,2026-03-25T23:00:00Z
sabri.larbi34@prospects.tn,website_visit,web,88,2026-01-24T11:00:00Z
sabri.larbi34@prospects.tn,website_visit,web,164,2026-02-06T11:00:00Z
sabri.larbi34@prospects.tn,website_visit,web,234,2026-03-22T23:00:00Z
sabri.larbi34@prospects.tn,website_visit,web,15,2026-02-15T18:00:00Z
amani.ferchichi35@prospects.tn,form_submit,web,163,2026-03-17T00:00:00Z
amani.ferchichi35@prospects.tn,email_opened,email,31,2026-03-16T10:00:00Z
amani.ferchichi35@prospects.tn,website_visit,web,420,2026-03-17T16:00:00Z
amani.ferchichi35@prospects.tn,website_visit,web,117,2026-03-17T17:00:00Z
rim.oueslati36@prospects.tn,meeting,physical,1665,2026-03-19T00:00:00Z
rim.oueslati36@prospects.tn,email_opened,email,147,2026-03-19T16:00:00Z
rim.oueslati36@prospects.tn,email_opened,email,197,2026-03-19T02:00:00Z
rim.oueslati36@prospects.tn,website_visit,web,269,2026-03-19T02:00:00Z
khalil.jelassi37@prospects.tn,form_submit,web,282,2026-05-25T00:00:00Z
khalil.jelassi37@prospects.tn,email_opened,email,90,2026-04-28T11:00:00Z
khalil.jelassi37@prospects.tn,website_visit,web,342,2026-05-12T23:00:00Z
khalil.jelassi37@prospects.tn,website_visit,web,420,2026-03-28T00:00:00Z
khalil.jelassi37@prospects.tn,website_visit,web,500,2026-03-26T19:00:00Z
khalil.jelassi37@prospects.tn,website_visit,web,44,2026-05-03T01:00:00Z
khalil.jelassi37@prospects.tn,website_visit,web,53,2026-03-24T02:00:00Z
khalil.jelassi37@prospects.tn,website_visit,web,358,2026-04-07T20:00:00Z
khalil.jelassi37@prospects.tn,website_visit,web,341,2026-04-23T11:00:00Z
fares.hachicha38@prospects.tn,meeting,physical,1006,2026-05-15T00:00:00Z
fares.hachicha38@prospects.tn,meeting,physical,1662,2026-05-13T19:00:00Z
fares.hachicha38@prospects.tn,meeting,physical,2944,2026-05-14T22:00:00Z
fares.hachicha38@prospects.tn,meeting,physical,3020,2026-05-15T06:00:00Z
fares.hachicha38@prospects.tn,meeting,physical,2485,2026-05-12T04:00:00Z
fares.hachicha38@prospects.tn,form_submit,web,347,2026-05-12T14:00:00Z
fares.hachicha38@prospects.tn,form_submit,web,120,2026-05-13T22:00:00Z
fares.hachicha38@prospects.tn,website_visit,web,149,2026-05-15T02:00:00Z
fares.hachicha38@prospects.tn,website_visit,web,411,2026-05-14T21:00:00Z
fares.hachicha38@prospects.tn,website_visit,web,148,2026-05-14T22:00:00Z
fares.hachicha38@prospects.tn,website_visit,web,375,2026-05-12T17:00:00Z
fares.hachicha38@prospects.tn,website_visit,web,243,2026-05-14T09:00:00Z
karim.jelassi39@prospects.tn,meeting,physical,1253,2025-12-26T00:00:00Z
karim.jelassi39@prospects.tn,meeting,physical,1169,2025-12-26T22:00:00Z
karim.jelassi39@prospects.tn,website_visit,web,173,2025-12-26T16:00:00Z
iheb.nasri40@prospects.tn,meeting,physical,2672,2026-06-01T00:00:00Z
iheb.nasri40@prospects.tn,meeting,physical,2959,2026-05-24T17:00:00Z
iheb.nasri40@prospects.tn,meeting,physical,1126,2026-04-08T04:00:00Z
iheb.nasri40@prospects.tn,meeting,physical,1408,2026-05-23T09:00:00Z
iheb.nasri40@prospects.tn,meeting,physical,3022,2026-05-21T17:00:00Z
iheb.nasri40@prospects.tn,meeting,physical,1526,2026-03-15T16:00:00Z
iheb.nasri40@prospects.tn,meeting,physical,2145,2026-05-25T05:00:00Z
iheb.nasri40@prospects.tn,meeting,physical,1574,2026-05-18T18:00:00Z
iheb.nasri40@prospects.tn,form_submit,web,142,2026-03-23T05:00:00Z
iheb.nasri40@prospects.tn,email_opened,email,102,2026-05-27T19:00:00Z
iheb.nasri40@prospects.tn,email_opened,email,77,2026-05-20T10:00:00Z
iheb.nasri40@prospects.tn,email_opened,email,108,2026-05-15T01:00:00Z
iheb.nasri40@prospects.tn,email_opened,email,152,2026-03-07T02:00:00Z
iheb.nasri40@prospects.tn,email_opened,email,92,2026-03-09T20:00:00Z
iheb.nasri40@prospects.tn,website_visit,web,448,2026-05-16T08:00:00Z
iheb.nasri40@prospects.tn,website_visit,web,55,2026-05-26T06:00:00Z
iheb.nasri40@prospects.tn,website_visit,web,143,2026-05-16T13:00:00Z
iheb.nasri40@prospects.tn,website_visit,web,115,2026-05-22T20:00:00Z
bilel.chaouch41@prospects.tn,meeting,physical,2802,2026-05-17T00:00:00Z
bilel.chaouch41@prospects.tn,meeting,physical,1735,2026-04-06T23:00:00Z
bilel.chaouch41@prospects.tn,meeting,physical,2293,2026-04-10T12:00:00Z
bilel.chaouch41@prospects.tn,meeting,physical,3384,2026-03-13T11:00:00Z
bilel.chaouch41@prospects.tn,website_visit,web,88,2026-05-01T17:00:00Z
bilel.chaouch41@prospects.tn,website_visit,web,175,2026-03-10T10:00:00Z
bilel.chaouch41@prospects.tn,website_visit,web,456,2026-03-27T14:00:00Z
bilel.chaouch41@prospects.tn,website_visit,web,382,2026-03-12T08:00:00Z
maha.naffati42@prospects.tn,form_submit,web,141,2026-06-01T00:00:00Z
maha.naffati42@prospects.tn,form_submit,web,315,2026-05-19T19:00:00Z
maha.naffati42@prospects.tn,email_opened,email,151,2026-05-29T21:00:00Z
maha.naffati42@prospects.tn,email_opened,email,139,2026-05-18T09:00:00Z
maha.naffati42@prospects.tn,email_opened,email,147,2026-05-22T00:00:00Z
maha.naffati42@prospects.tn,email_opened,email,98,2026-04-24T13:00:00Z
maha.naffati42@prospects.tn,email_opened,email,147,2026-04-26T08:00:00Z
maha.naffati42@prospects.tn,email_opened,email,25,2026-05-11T12:00:00Z
maha.naffati42@prospects.tn,email_opened,email,43,2026-05-11T01:00:00Z
maha.naffati42@prospects.tn,email_opened,email,120,2026-05-13T01:00:00Z
maha.naffati42@prospects.tn,email_opened,email,149,2026-05-24T17:00:00Z
maha.naffati42@prospects.tn,website_visit,web,249,2026-04-30T11:00:00Z
maha.naffati42@prospects.tn,website_visit,web,138,2026-05-23T09:00:00Z
maha.naffati42@prospects.tn,website_visit,web,125,2026-04-22T12:00:00Z
maha.naffati42@prospects.tn,website_visit,web,313,2026-05-20T14:00:00Z
maha.naffati42@prospects.tn,website_visit,web,195,2026-05-23T08:00:00Z
maha.naffati42@prospects.tn,website_visit,web,39,2026-05-27T21:00:00Z
maha.naffati42@prospects.tn,website_visit,web,40,2026-05-27T03:00:00Z
maha.naffati42@prospects.tn,website_visit,web,159,2026-04-26T03:00:00Z
hela.ghali43@prospects.tn,meeting,physical,1510,2026-05-25T00:00:00Z
hela.ghali43@prospects.tn,email_opened,email,175,2026-04-13T23:00:00Z
hela.ghali43@prospects.tn,email_opened,email,151,2026-05-12T09:00:00Z
hela.ghali43@prospects.tn,email_opened,email,55,2026-04-10T10:00:00Z
hela.ghali43@prospects.tn,website_visit,web,182,2026-03-30T16:00:00Z
hela.ghali43@prospects.tn,website_visit,web,491,2026-04-03T15:00:00Z
hela.ghali43@prospects.tn,website_visit,web,328,2026-04-25T18:00:00Z
hela.ghali43@prospects.tn,website_visit,web,178,2026-03-04T15:00:00Z
hela.ghali43@prospects.tn,website_visit,web,98,2026-05-09T00:00:00Z
hela.ghali43@prospects.tn,website_visit,web,216,2026-03-13T10:00:00Z
seif.baccouche45@prospects.tn,form_submit,web,274,2026-05-18T00:00:00Z
seif.baccouche45@prospects.tn,email_opened,email,58,2026-05-10T23:00:00Z
seif.baccouche45@prospects.tn,email_opened,email,125,2026-05-18T01:00:00Z
seif.baccouche45@prospects.tn,email_opened,email,196,2026-05-17T04:00:00Z
seif.baccouche45@prospects.tn,website_visit,web,119,2026-05-11T06:00:00Z
seif.baccouche45@prospects.tn,website_visit,web,225,2026-05-12T10:00:00Z
seif.baccouche45@prospects.tn,website_visit,web,271,2026-05-16T15:00:00Z
seif.baccouche45@prospects.tn,website_visit,web,411,2026-05-11T12:00:00Z
seif.baccouche45@prospects.tn,website_visit,web,328,2026-05-05T05:00:00Z
nidhal.feki46@prospects.tn,form_submit,web,212,2026-05-27T00:00:00Z
nidhal.feki46@prospects.tn,website_visit,web,409,2026-05-26T22:00:00Z
nour.chaouch47@prospects.tn,meeting,physical,2089,2026-05-19T00:00:00Z
nour.chaouch47@prospects.tn,meeting,physical,1072,2026-05-17T08:00:00Z
nour.chaouch47@prospects.tn,form_submit,web,207,2026-05-06T06:00:00Z
nour.chaouch47@prospects.tn,website_visit,web,380,2026-04-18T17:00:00Z
nour.chaouch47@prospects.tn,website_visit,web,55,2026-04-23T17:00:00Z
nour.chaouch47@prospects.tn,website_visit,web,192,2026-04-23T04:00:00Z
nour.chaouch47@prospects.tn,website_visit,web,488,2026-04-12T19:00:00Z
nour.chaouch47@prospects.tn,website_visit,web,241,2026-05-13T07:00:00Z
rania.cherif48@prospects.tn,website_visit,web,493,2026-02-08T00:00:00Z
rim.baccouche49@prospects.tn,form_submit,web,149,2026-05-29T00:00:00Z
rim.baccouche49@prospects.tn,email_opened,email,126,2026-02-16T00:00:00Z
rim.baccouche49@prospects.tn,email_opened,email,65,2026-03-22T18:00:00Z
rim.baccouche49@prospects.tn,email_opened,email,29,2026-04-30T03:00:00Z
rim.baccouche49@prospects.tn,email_opened,email,121,2026-03-26T09:00:00Z
rim.baccouche49@prospects.tn,email_opened,email,146,2026-04-11T20:00:00Z
rim.baccouche49@prospects.tn,email_opened,email,67,2026-04-22T16:00:00Z
rim.baccouche49@prospects.tn,website_visit,web,494,2026-04-16T04:00:00Z
rim.baccouche49@prospects.tn,website_visit,web,398,2026-04-17T14:00:00Z
rim.baccouche49@prospects.tn,website_visit,web,461,2026-03-18T06:00:00Z
rim.baccouche49@prospects.tn,website_visit,web,489,2026-05-26T03:00:00Z
rim.baccouche49@prospects.tn,website_visit,web,163,2026-03-26T05:00:00Z
nidhal.oueslati50@prospects.tn,email_opened,email,122,2026-06-04T00:00:00Z
nidhal.oueslati50@prospects.tn,email_opened,email,191,2026-06-02T10:00:00Z
nidhal.oueslati50@prospects.tn,website_visit,web,63,2026-05-31T00:00:00Z
nidhal.oueslati50@prospects.tn,website_visit,web,109,2026-06-01T12:00:00Z
nidhal.oueslati50@prospects.tn,website_visit,web,86,2026-05-31T14:00:00Z
wassim.ghali52@prospects.tn,meeting,physical,3340,2026-05-28T00:00:00Z
wassim.ghali52@prospects.tn,form_submit,web,101,2026-03-14T18:00:00Z
wassim.ghali52@prospects.tn,email_opened,email,154,2026-04-26T04:00:00Z
wassim.ghali52@prospects.tn,email_opened,email,134,2026-03-10T10:00:00Z
wassim.ghali52@prospects.tn,email_opened,email,155,2026-04-24T14:00:00Z
wassim.ghali52@prospects.tn,email_opened,email,200,2026-03-03T21:00:00Z
wassim.ghali52@prospects.tn,email_opened,email,112,2026-03-15T22:00:00Z
wassim.ghali52@prospects.tn,email_opened,email,39,2026-05-02T15:00:00Z
wassim.ghali52@prospects.tn,email_opened,email,164,2026-02-28T16:00:00Z
wassim.ghali52@prospects.tn,website_visit,web,72,2026-04-15T01:00:00Z
wassim.ghali52@prospects.tn,website_visit,web,46,2026-04-16T04:00:00Z
wassim.ghali52@prospects.tn,website_visit,web,439,2026-04-23T13:00:00Z
wassim.ghali52@prospects.tn,website_visit,web,295,2026-04-16T18:00:00Z
wassim.ghali52@prospects.tn,website_visit,web,477,2026-02-24T17:00:00Z
wassim.ghali52@prospects.tn,website_visit,web,273,2026-04-17T21:00:00Z
yosr.sassi53@prospects.tn,email_opened,email,93,2026-05-31T00:00:00Z
yosr.sassi53@prospects.tn,website_visit,web,224,2026-05-25T04:00:00Z
iheb.ghali54@prospects.tn,website_visit,web,285,2026-05-28T00:00:00Z
ines.mabrouk55@prospects.tn,meeting,physical,1362,2026-06-04T00:00:00Z
ines.mabrouk55@prospects.tn,meeting,physical,1031,2026-02-01T07:00:00Z
ines.mabrouk55@prospects.tn,form_submit,web,398,2026-01-31T12:00:00Z
ines.mabrouk55@prospects.tn,email_opened,email,127,2026-05-12T07:00:00Z
ines.mabrouk55@prospects.tn,email_opened,email,177,2026-03-16T01:00:00Z
ines.mabrouk55@prospects.tn,email_opened,email,24,2026-02-24T16:00:00Z
ines.mabrouk55@prospects.tn,email_opened,email,81,2026-04-04T07:00:00Z
ines.mabrouk55@prospects.tn,website_visit,web,120,2026-04-11T18:00:00Z
ines.mabrouk55@prospects.tn,website_visit,web,49,2026-04-12T07:00:00Z
ines.mabrouk55@prospects.tn,website_visit,web,66,2026-04-07T04:00:00Z
ines.mabrouk55@prospects.tn,website_visit,web,319,2026-06-02T07:00:00Z
ines.mabrouk55@prospects.tn,website_visit,web,32,2026-05-05T09:00:00Z
ines.mabrouk55@prospects.tn,website_visit,web,243,2026-03-31T01:00:00Z
ines.mabrouk55@prospects.tn,website_visit,web,321,2026-03-05T20:00:00Z
ines.mabrouk55@prospects.tn,website_visit,web,359,2026-05-09T17:00:00Z
ines.mabrouk55@prospects.tn,website_visit,web,375,2026-05-26T01:00:00Z
bassem.hamdi56@prospects.tn,meeting,physical,1136,2026-05-19T00:00:00Z
bassem.hamdi56@prospects.tn,meeting,physical,3203,2026-02-06T17:00:00Z
bassem.hamdi56@prospects.tn,meeting,physical,2590,2026-04-28T06:00:00Z
bassem.hamdi56@prospects.tn,form_submit,web,273,2026-02-01T08:00:00Z
bassem.hamdi56@prospects.tn,form_submit,web,345,2026-03-15T21:00:00Z
bassem.hamdi56@prospects.tn,form_submit,web,331,2026-04-13T19:00:00Z
bassem.hamdi56@prospects.tn,email_opened,email,54,2026-01-31T02:00:00Z
bassem.hamdi56@prospects.tn,email_opened,email,119,2026-02-19T18:00:00Z
bassem.hamdi56@prospects.tn,email_opened,email,82,2026-04-28T21:00:00Z
bassem.hamdi56@prospects.tn,website_visit,web,145,2026-04-07T06:00:00Z
bassem.hamdi56@prospects.tn,website_visit,web,119,2026-03-28T06:00:00Z
bassem.hamdi56@prospects.tn,website_visit,web,184,2026-05-17T10:00:00Z
bassem.hamdi56@prospects.tn,website_visit,web,346,2026-03-05T00:00:00Z
bassem.hamdi56@prospects.tn,website_visit,web,55,2026-02-22T06:00:00Z
bassem.hamdi56@prospects.tn,website_visit,web,487,2026-04-30T03:00:00Z
bassem.hamdi56@prospects.tn,website_visit,web,245,2026-05-01T15:00:00Z
bassem.hamdi56@prospects.tn,website_visit,web,448,2026-02-26T22:00:00Z
bassem.hamdi56@prospects.tn,website_visit,web,204,2026-04-13T22:00:00Z
nour.limam57@prospects.tn,meeting,physical,1732,2026-05-17T00:00:00Z
nour.limam57@prospects.tn,meeting,physical,2418,2026-05-12T09:00:00Z
nour.limam57@prospects.tn,email_opened,email,100,2026-04-25T06:00:00Z
nour.limam57@prospects.tn,email_opened,email,125,2026-05-07T07:00:00Z
nour.limam57@prospects.tn,email_opened,email,31,2026-05-10T18:00:00Z
nour.limam57@prospects.tn,email_opened,email,164,2026-05-01T15:00:00Z
nour.limam57@prospects.tn,email_opened,email,76,2026-05-07T08:00:00Z
nour.limam57@prospects.tn,website_visit,web,394,2026-05-17T23:00:00Z
nour.limam57@prospects.tn,website_visit,web,89,2026-05-17T14:00:00Z
nour.limam57@prospects.tn,website_visit,web,23,2026-04-26T23:00:00Z
nour.limam57@prospects.tn,website_visit,web,148,2026-05-08T05:00:00Z
nour.limam57@prospects.tn,website_visit,web,298,2026-04-24T23:00:00Z
donia.chaouch58@prospects.tn,form_submit,web,382,2026-05-31T00:00:00Z
donia.chaouch58@prospects.tn,form_submit,web,178,2026-05-30T00:00:00Z
donia.chaouch58@prospects.tn,email_opened,email,37,2026-05-30T16:00:00Z
donia.chaouch58@prospects.tn,website_visit,web,377,2026-05-31T11:00:00Z
dorra.baccouche59@prospects.tn,form_submit,web,151,2026-04-02T00:00:00Z
dorra.baccouche59@prospects.tn,website_visit,web,69,2025-12-17T16:00:00Z
jihen.naffati60@prospects.tn,meeting,physical,3561,2026-02-07T00:00:00Z
jihen.naffati60@prospects.tn,email_opened,email,28,2026-02-07T12:00:00Z
jihen.naffati60@prospects.tn,website_visit,web,62,2026-02-07T17:00:00Z
rim.cherif61@prospects.tn,meeting,physical,3221,2026-06-04T00:00:00Z
rim.cherif61@prospects.tn,meeting,physical,2847,2026-05-21T22:00:00Z
rim.cherif61@prospects.tn,meeting,physical,2010,2026-05-30T12:00:00Z
rim.cherif61@prospects.tn,meeting,physical,1090,2026-02-23T09:00:00Z
rim.cherif61@prospects.tn,form_submit,web,98,2026-03-06T18:00:00Z
rim.cherif61@prospects.tn,email_opened,email,195,2026-03-16T18:00:00Z
rim.cherif61@prospects.tn,email_opened,email,91,2026-05-31T12:00:00Z
rim.cherif61@prospects.tn,email_opened,email,159,2026-05-11T17:00:00Z
rim.cherif61@prospects.tn,email_opened,email,164,2026-03-28T12:00:00Z
rim.cherif61@prospects.tn,email_opened,email,188,2026-05-21T23:00:00Z
rim.cherif61@prospects.tn,email_opened,email,28,2026-03-03T22:00:00Z
rim.cherif61@prospects.tn,email_opened,email,65,2026-05-17T02:00:00Z
rim.cherif61@prospects.tn,website_visit,web,490,2026-04-19T23:00:00Z
rim.cherif61@prospects.tn,website_visit,web,450,2026-03-30T01:00:00Z
rim.cherif61@prospects.tn,website_visit,web,176,2026-02-26T13:00:00Z
rim.cherif61@prospects.tn,website_visit,web,23,2026-03-15T02:00:00Z
rim.cherif61@prospects.tn,website_visit,web,121,2026-03-29T19:00:00Z
rim.cherif61@prospects.tn,website_visit,web,315,2026-05-23T19:00:00Z
rim.cherif61@prospects.tn,website_visit,web,88,2026-05-01T12:00:00Z
zied.sassi62@prospects.tn,form_submit,web,186,2026-05-26T00:00:00Z
zied.sassi62@prospects.tn,email_opened,email,38,2026-04-11T03:00:00Z
zied.sassi62@prospects.tn,email_opened,email,41,2026-03-07T00:00:00Z
zied.sassi62@prospects.tn,email_opened,email,88,2026-04-04T14:00:00Z
zied.sassi62@prospects.tn,email_opened,email,59,2026-04-11T08:00:00Z
zied.sassi62@prospects.tn,email_opened,email,117,2026-03-09T04:00:00Z
zied.sassi62@prospects.tn,website_visit,web,379,2026-03-07T05:00:00Z
zied.sassi62@prospects.tn,website_visit,web,416,2026-04-20T14:00:00Z
zied.sassi62@prospects.tn,website_visit,web,339,2026-05-06T17:00:00Z
zied.sassi62@prospects.tn,website_visit,web,93,2026-04-30T13:00:00Z
zied.sassi62@prospects.tn,website_visit,web,393,2026-03-09T00:00:00Z
zied.sassi62@prospects.tn,website_visit,web,214,2026-03-07T11:00:00Z
zied.sassi62@prospects.tn,website_visit,web,177,2026-05-05T02:00:00Z
sirine.yahyaoui63@prospects.tn,email_opened,email,88,2026-06-04T00:00:00Z
sirine.yahyaoui63@prospects.tn,website_visit,web,169,2026-05-27T15:00:00Z
jihen.aouadi64@prospects.tn,form_submit,web,215,2026-05-31T00:00:00Z
jihen.aouadi64@prospects.tn,email_opened,email,21,2026-05-31T10:00:00Z
jihen.aouadi64@prospects.tn,website_visit,web,500,2026-05-31T10:00:00Z
maha.zouari65@prospects.tn,meeting,physical,3492,2026-05-08T00:00:00Z
maha.zouari65@prospects.tn,email_opened,email,145,2026-04-08T12:00:00Z
maha.zouari65@prospects.tn,email_opened,email,167,2026-04-14T03:00:00Z
maha.zouari65@prospects.tn,email_opened,email,82,2026-04-27T06:00:00Z
maha.zouari65@prospects.tn,email_opened,email,103,2026-04-28T17:00:00Z
maha.zouari65@prospects.tn,website_visit,web,207,2026-04-02T21:00:00Z
hamza.sassi66@prospects.tn,email_opened,email,128,2026-02-12T00:00:00Z
hamza.sassi66@prospects.tn,website_visit,web,419,2026-01-16T02:00:00Z
maha.baccouche67@prospects.tn,meeting,physical,1916,2026-05-22T00:00:00Z
maha.baccouche67@prospects.tn,meeting,physical,3593,2026-05-14T20:00:00Z
maha.baccouche67@prospects.tn,meeting,physical,2354,2026-04-23T10:00:00Z
maha.baccouche67@prospects.tn,form_submit,web,145,2026-04-27T03:00:00Z
maha.baccouche67@prospects.tn,email_opened,email,185,2026-03-04T03:00:00Z
maha.baccouche67@prospects.tn,email_opened,email,176,2026-04-05T07:00:00Z
maha.baccouche67@prospects.tn,website_visit,web,37,2026-05-07T23:00:00Z
aymen.gabsi68@prospects.tn,email_opened,email,56,2026-02-09T00:00:00Z
aymen.gabsi68@prospects.tn,website_visit,web,193,2025-12-12T14:00:00Z
aymen.gabsi68@prospects.tn,website_visit,web,174,2026-02-07T06:00:00Z
aymen.baccouche69@prospects.tn,meeting,physical,3013,2026-05-19T00:00:00Z
aymen.baccouche69@prospects.tn,email_opened,email,64,2026-05-01T07:00:00Z
aymen.baccouche69@prospects.tn,email_opened,email,161,2026-04-27T20:00:00Z
aymen.baccouche69@prospects.tn,email_opened,email,60,2026-04-13T05:00:00Z
aymen.baccouche69@prospects.tn,email_opened,email,104,2026-05-12T21:00:00Z
aymen.baccouche69@prospects.tn,email_opened,email,163,2026-04-29T12:00:00Z
aymen.baccouche69@prospects.tn,website_visit,web,233,2026-04-03T23:00:00Z
nidhal.chaabane71@prospects.tn,meeting,physical,3416,2026-05-13T00:00:00Z
nidhal.chaabane71@prospects.tn,email_opened,email,171,2026-04-23T03:00:00Z
nidhal.chaabane71@prospects.tn,email_opened,email,41,2026-04-20T09:00:00Z
nidhal.chaabane71@prospects.tn,website_visit,web,359,2026-04-16T05:00:00Z
nidhal.chaabane71@prospects.tn,website_visit,web,83,2026-04-24T22:00:00Z
jihen.daldoul72@prospects.tn,meeting,physical,1666,2026-05-22T00:00:00Z
jihen.daldoul72@prospects.tn,meeting,physical,2188,2026-05-06T17:00:00Z
jihen.daldoul72@prospects.tn,meeting,physical,2747,2026-05-21T20:00:00Z
jihen.daldoul72@prospects.tn,meeting,physical,3437,2026-05-20T13:00:00Z
jihen.daldoul72@prospects.tn,form_submit,web,87,2026-05-19T13:00:00Z
jihen.daldoul72@prospects.tn,form_submit,web,243,2026-05-13T15:00:00Z
jihen.daldoul72@prospects.tn,email_opened,email,22,2026-04-08T02:00:00Z
jihen.daldoul72@prospects.tn,email_opened,email,144,2026-03-21T07:00:00Z
jihen.daldoul72@prospects.tn,website_visit,web,84,2026-04-24T01:00:00Z
jihen.daldoul72@prospects.tn,website_visit,web,114,2026-04-22T07:00:00Z
donia.sfar73@prospects.tn,meeting,physical,2707,2026-05-21T00:00:00Z
donia.sfar73@prospects.tn,meeting,physical,3137,2026-05-07T22:00:00Z
donia.sfar73@prospects.tn,meeting,physical,1795,2026-05-12T05:00:00Z
donia.sfar73@prospects.tn,meeting,physical,2641,2026-04-23T06:00:00Z
donia.sfar73@prospects.tn,meeting,physical,1319,2026-04-28T01:00:00Z
donia.sfar73@prospects.tn,form_submit,web,394,2026-05-21T11:00:00Z
donia.sfar73@prospects.tn,form_submit,web,186,2026-05-19T08:00:00Z
donia.sfar73@prospects.tn,email_opened,email,96,2026-05-19T05:00:00Z
donia.sfar73@prospects.tn,email_opened,email,28,2026-05-05T22:00:00Z
donia.sfar73@prospects.tn,email_opened,email,135,2026-05-03T09:00:00Z
donia.sfar73@prospects.tn,email_opened,email,87,2026-05-21T08:00:00Z
donia.sfar73@prospects.tn,email_opened,email,109,2026-05-17T21:00:00Z
donia.sfar73@prospects.tn,email_opened,email,42,2026-04-21T04:00:00Z
donia.sfar73@prospects.tn,email_opened,email,132,2026-05-11T01:00:00Z
donia.sfar73@prospects.tn,website_visit,web,458,2026-05-02T20:00:00Z
donia.sfar73@prospects.tn,website_visit,web,75,2026-04-23T22:00:00Z
donia.sfar73@prospects.tn,website_visit,web,412,2026-04-23T07:00:00Z
donia.sfar73@prospects.tn,website_visit,web,430,2026-04-24T22:00:00Z
donia.sfar73@prospects.tn,website_visit,web,136,2026-05-05T07:00:00Z
donia.sfar73@prospects.tn,website_visit,web,122,2026-05-10T15:00:00Z
jihen.hachicha74@prospects.tn,meeting,physical,2899,2026-05-26T00:00:00Z
jihen.hachicha74@prospects.tn,meeting,physical,2240,2026-05-21T22:00:00Z
jihen.hachicha74@prospects.tn,email_opened,email,168,2026-04-11T02:00:00Z
jihen.hachicha74@prospects.tn,email_opened,email,20,2026-05-04T12:00:00Z
jihen.hachicha74@prospects.tn,email_opened,email,43,2026-03-24T13:00:00Z
jihen.hachicha74@prospects.tn,email_opened,email,137,2026-03-24T15:00:00Z
jihen.hachicha74@prospects.tn,website_visit,web,340,2026-03-31T10:00:00Z
wassim.zouari75@prospects.tn,form_submit,web,285,2026-05-16T00:00:00Z
wassim.zouari75@prospects.tn,email_opened,email,136,2026-03-27T08:00:00Z
wassim.zouari75@prospects.tn,email_opened,email,20,2026-03-18T20:00:00Z
wassim.zouari75@prospects.tn,email_opened,email,129,2026-04-22T08:00:00Z
wassim.zouari75@prospects.tn,email_opened,email,71,2026-03-17T11:00:00Z
wassim.zouari75@prospects.tn,website_visit,web,367,2026-03-28T01:00:00Z
wassim.zouari75@prospects.tn,website_visit,web,480,2026-04-26T20:00:00Z
wassim.zouari75@prospects.tn,website_visit,web,82,2026-04-15T23:00:00Z
wassim.zouari75@prospects.tn,website_visit,web,466,2026-04-05T13:00:00Z
wassim.zouari75@prospects.tn,website_visit,web,347,2026-03-18T22:00:00Z
wassim.zouari75@prospects.tn,website_visit,web,169,2026-03-19T00:00:00Z
nour.baccouche76@prospects.tn,meeting,physical,1265,2026-03-09T00:00:00Z
ghada.brahmi77@prospects.tn,form_submit,web,285,2026-05-23T00:00:00Z
ghada.brahmi77@prospects.tn,email_opened,email,109,2026-05-19T14:00:00Z
ghada.brahmi77@prospects.tn,email_opened,email,74,2026-04-19T02:00:00Z
ghada.brahmi77@prospects.tn,email_opened,email,180,2026-04-12T04:00:00Z
ghada.brahmi77@prospects.tn,website_visit,web,398,2026-04-13T18:00:00Z
ghada.brahmi77@prospects.tn,website_visit,web,92,2026-05-22T12:00:00Z
ghada.brahmi77@prospects.tn,website_visit,web,485,2026-04-28T13:00:00Z
ghada.brahmi77@prospects.tn,website_visit,web,225,2026-04-26T04:00:00Z
ghada.brahmi77@prospects.tn,website_visit,web,330,2026-04-21T08:00:00Z
firas.naffati78@prospects.tn,meeting,physical,2110,2026-05-26T00:00:00Z
firas.naffati78@prospects.tn,website_visit,web,345,2026-05-21T15:00:00Z
firas.naffati78@prospects.tn,website_visit,web,42,2026-05-24T03:00:00Z
rania.chaouch79@prospects.tn,email_opened,email,38,2026-06-03T00:00:00Z
bilel.issaoui80@prospects.tn,website_visit,web,289,2026-04-03T00:00:00Z
bilel.issaoui80@prospects.tn,website_visit,web,290,2026-03-29T04:00:00Z
takwa.mejri81@prospects.tn,meeting,physical,1877,2026-03-17T00:00:00Z
takwa.mejri81@prospects.tn,website_visit,web,44,2026-02-07T02:00:00Z
khalil.chaabane82@prospects.tn,form_submit,web,192,2026-05-15T00:00:00Z
khalil.chaabane82@prospects.tn,email_opened,email,62,2026-05-15T00:00:00Z
khalil.chaabane82@prospects.tn,email_opened,email,115,2026-04-09T13:00:00Z
khalil.chaabane82@prospects.tn,email_opened,email,52,2026-04-05T16:00:00Z
khalil.chaabane82@prospects.tn,website_visit,web,398,2026-03-23T08:00:00Z
khalil.chaabane82@prospects.tn,website_visit,web,414,2026-05-03T18:00:00Z
khalil.chaabane82@prospects.tn,website_visit,web,462,2026-04-28T02:00:00Z
khalil.chaabane82@prospects.tn,website_visit,web,152,2026-04-19T14:00:00Z
khalil.chaabane82@prospects.tn,website_visit,web,390,2026-04-20T11:00:00Z
khalil.chaabane82@prospects.tn,website_visit,web,468,2026-03-22T15:00:00Z
khalil.chaabane82@prospects.tn,website_visit,web,75,2026-05-12T18:00:00Z
khalil.chaabane82@prospects.tn,website_visit,web,409,2026-03-29T11:00:00Z
karim.oueslati83@prospects.tn,meeting,physical,1044,2026-06-02T00:00:00Z
karim.oueslati83@prospects.tn,meeting,physical,3164,2026-06-02T07:00:00Z
karim.oueslati83@prospects.tn,form_submit,web,395,2026-06-02T23:00:00Z
karim.oueslati83@prospects.tn,website_visit,web,229,2026-06-02T08:00:00Z
karim.oueslati83@prospects.tn,website_visit,web,129,2026-06-01T18:00:00Z
chaima.chaabane84@prospects.tn,meeting,physical,1253,2026-05-13T00:00:00Z
chaima.chaabane84@prospects.tn,form_submit,web,343,2026-04-29T19:00:00Z
chaima.chaabane84@prospects.tn,form_submit,web,293,2026-03-28T14:00:00Z
chaima.chaabane84@prospects.tn,form_submit,web,64,2026-04-05T18:00:00Z
chaima.chaabane84@prospects.tn,form_submit,web,248,2026-04-13T06:00:00Z
chaima.chaabane84@prospects.tn,email_opened,email,71,2026-04-28T17:00:00Z
chaima.chaabane84@prospects.tn,email_opened,email,94,2026-04-30T07:00:00Z
chaima.chaabane84@prospects.tn,email_opened,email,164,2026-03-22T00:00:00Z
chaima.chaabane84@prospects.tn,website_visit,web,416,2026-05-11T13:00:00Z
chaima.chaabane84@prospects.tn,website_visit,web,170,2026-03-14T07:00:00Z
donia.dridi85@prospects.tn,meeting,physical,1483,2026-06-04T00:00:00Z
donia.dridi85@prospects.tn,meeting,physical,2046,2026-04-29T03:00:00Z
donia.dridi85@prospects.tn,form_submit,web,107,2026-04-19T04:00:00Z
donia.dridi85@prospects.tn,email_opened,email,31,2026-05-06T12:00:00Z
donia.dridi85@prospects.tn,email_opened,email,79,2026-02-23T18:00:00Z
donia.dridi85@prospects.tn,email_opened,email,153,2026-04-27T01:00:00Z
donia.dridi85@prospects.tn,email_opened,email,125,2026-04-10T21:00:00Z
donia.dridi85@prospects.tn,email_opened,email,199,2026-03-02T07:00:00Z
donia.dridi85@prospects.tn,email_opened,email,115,2026-03-23T08:00:00Z
donia.dridi85@prospects.tn,email_opened,email,137,2026-06-02T10:00:00Z
donia.dridi85@prospects.tn,website_visit,web,397,2026-05-27T12:00:00Z
donia.dridi85@prospects.tn,website_visit,web,58,2026-05-14T23:00:00Z
zied.yahyaoui86@prospects.tn,meeting,physical,1750,2026-05-26T00:00:00Z
zied.yahyaoui86@prospects.tn,meeting,physical,2751,2026-04-30T04:00:00Z
zied.yahyaoui86@prospects.tn,meeting,physical,2162,2026-03-31T22:00:00Z
zied.yahyaoui86@prospects.tn,meeting,physical,2797,2026-04-20T11:00:00Z
zied.yahyaoui86@prospects.tn,meeting,physical,1985,2026-05-09T16:00:00Z
zied.yahyaoui86@prospects.tn,form_submit,web,121,2026-03-26T21:00:00Z
zied.yahyaoui86@prospects.tn,email_opened,email,43,2026-04-27T08:00:00Z
zied.yahyaoui86@prospects.tn,email_opened,email,60,2026-04-11T00:00:00Z
zied.yahyaoui86@prospects.tn,email_opened,email,195,2026-05-10T14:00:00Z
zied.yahyaoui86@prospects.tn,email_opened,email,97,2026-04-20T03:00:00Z
zied.yahyaoui86@prospects.tn,email_opened,email,200,2026-05-18T03:00:00Z
zied.yahyaoui86@prospects.tn,email_opened,email,198,2026-04-06T03:00:00Z
zied.yahyaoui86@prospects.tn,website_visit,web,323,2026-03-21T01:00:00Z
zied.yahyaoui86@prospects.tn,website_visit,web,35,2026-04-17T04:00:00Z
zied.yahyaoui86@prospects.tn,website_visit,web,125,2026-04-14T12:00:00Z
chedi.ayari88@prospects.tn,form_submit,web,136,2026-05-29T00:00:00Z
chedi.ayari88@prospects.tn,form_submit,web,77,2026-05-27T15:00:00Z
chedi.ayari88@prospects.tn,email_opened,email,177,2026-05-11T02:00:00Z
chedi.ayari88@prospects.tn,email_opened,email,178,2026-05-18T12:00:00Z
chedi.ayari88@prospects.tn,email_opened,email,177,2026-05-14T13:00:00Z
chedi.ayari88@prospects.tn,email_opened,email,82,2026-05-16T20:00:00Z
chedi.ayari88@prospects.tn,website_visit,web,346,2026-05-26T07:00:00Z
chedi.ayari88@prospects.tn,website_visit,web,166,2026-05-27T00:00:00Z
chedi.ayari88@prospects.tn,website_visit,web,270,2026-05-22T22:00:00Z
chedi.ayari88@prospects.tn,website_visit,web,225,2026-05-21T15:00:00Z
chedi.ayari88@prospects.tn,website_visit,web,466,2026-05-27T15:00:00Z
bassem.hachicha89@prospects.tn,meeting,physical,1853,2026-05-30T00:00:00Z
bassem.hachicha89@prospects.tn,form_submit,web,141,2026-05-22T08:00:00Z
bassem.hachicha89@prospects.tn,email_opened,email,45,2026-05-27T23:00:00Z
bassem.hachicha89@prospects.tn,email_opened,email,83,2026-05-19T07:00:00Z
bassem.hachicha89@prospects.tn,website_visit,web,351,2026-05-28T12:00:00Z
bassem.jelassi90@prospects.tn,meeting,physical,2916,2026-05-28T00:00:00Z
bassem.jelassi90@prospects.tn,meeting,physical,3120,2026-04-22T10:00:00Z
bassem.jelassi90@prospects.tn,meeting,physical,2165,2026-04-25T10:00:00Z
bassem.jelassi90@prospects.tn,form_submit,web,149,2026-04-17T00:00:00Z
bassem.jelassi90@prospects.tn,form_submit,web,311,2026-04-23T18:00:00Z
bassem.jelassi90@prospects.tn,form_submit,web,79,2026-04-23T03:00:00Z
bassem.jelassi90@prospects.tn,form_submit,web,106,2026-05-17T11:00:00Z
bassem.jelassi90@prospects.tn,form_submit,web,88,2026-04-18T11:00:00Z
bassem.jelassi90@prospects.tn,email_opened,email,79,2026-05-26T12:00:00Z
bassem.jelassi90@prospects.tn,email_opened,email,174,2026-05-21T03:00:00Z
bassem.jelassi90@prospects.tn,email_opened,email,76,2026-05-05T09:00:00Z
bassem.jelassi90@prospects.tn,email_opened,email,25,2026-05-04T04:00:00Z
bassem.jelassi90@prospects.tn,email_opened,email,154,2026-04-24T23:00:00Z
bassem.jelassi90@prospects.tn,website_visit,web,259,2026-05-11T20:00:00Z
bassem.jelassi90@prospects.tn,website_visit,web,15,2026-05-15T20:00:00Z
bassem.jelassi90@prospects.tn,website_visit,web,184,2026-05-04T05:00:00Z
bassem.jelassi90@prospects.tn,website_visit,web,484,2026-05-19T22:00:00Z
bassem.jelassi90@prospects.tn,website_visit,web,329,2026-05-23T11:00:00Z
bassem.jelassi90@prospects.tn,website_visit,web,118,2026-04-28T21:00:00Z
seif.jelassi91@prospects.tn,meeting,physical,3367,2026-05-25T00:00:00Z
seif.jelassi91@prospects.tn,meeting,physical,2203,2026-04-19T23:00:00Z
seif.jelassi91@prospects.tn,meeting,physical,3404,2026-04-02T07:00:00Z
seif.jelassi91@prospects.tn,meeting,physical,1804,2026-04-20T10:00:00Z
seif.jelassi91@prospects.tn,meeting,physical,3519,2026-04-08T20:00:00Z
seif.jelassi91@prospects.tn,email_opened,email,164,2026-05-24T02:00:00Z
seif.jelassi91@prospects.tn,email_opened,email,46,2026-05-20T22:00:00Z
seif.jelassi91@prospects.tn,website_visit,web,494,2026-05-10T20:00:00Z
seif.jelassi91@prospects.tn,website_visit,web,269,2026-05-14T10:00:00Z
seif.jelassi91@prospects.tn,website_visit,web,87,2026-04-26T00:00:00Z
sabri.larbi92@prospects.tn,email_opened,email,159,2026-05-29T00:00:00Z
sabri.larbi92@prospects.tn,email_opened,email,116,2026-05-28T05:00:00Z
sabri.larbi92@prospects.tn,website_visit,web,66,2026-05-29T02:00:00Z
sabri.larbi92@prospects.tn,website_visit,web,439,2026-05-28T09:00:00Z
sabri.larbi92@prospects.tn,website_visit,web,260,2026-05-28T10:00:00Z
sabri.brahmi93@prospects.tn,email_opened,email,187,2026-06-03T00:00:00Z
sabri.brahmi93@prospects.tn,email_opened,email,62,2026-06-03T22:00:00Z
sabri.brahmi93@prospects.tn,email_opened,email,175,2026-06-03T21:00:00Z
sabri.brahmi93@prospects.tn,email_opened,email,131,2026-06-03T09:00:00Z
sabri.brahmi93@prospects.tn,email_opened,email,60,2026-06-02T03:00:00Z
sabri.brahmi93@prospects.tn,website_visit,web,42,2026-06-02T12:00:00Z
sabri.brahmi93@prospects.tn,website_visit,web,66,2026-06-03T04:00:00Z
sabri.brahmi93@prospects.tn,website_visit,web,184,2026-06-02T11:00:00Z
sabri.brahmi93@prospects.tn,website_visit,web,120,2026-06-02T13:00:00Z
sabri.brahmi93@prospects.tn,website_visit,web,112,2026-06-02T09:00:00Z
sirine.baccouche94@prospects.tn,meeting,physical,3529,2026-05-31T00:00:00Z
sirine.baccouche94@prospects.tn,meeting,physical,3128,2026-05-02T14:00:00Z
sirine.baccouche94@prospects.tn,form_submit,web,258,2026-04-23T08:00:00Z
sirine.baccouche94@prospects.tn,email_opened,email,67,2026-05-19T14:00:00Z
sirine.baccouche94@prospects.tn,email_opened,email,114,2026-05-07T07:00:00Z
sirine.baccouche94@prospects.tn,website_visit,web,468,2026-05-08T18:00:00Z
sirine.baccouche94@prospects.tn,website_visit,web,210,2026-04-24T04:00:00Z
sirine.baccouche94@prospects.tn,website_visit,web,204,2026-04-27T02:00:00Z
bassem.feki95@prospects.tn,meeting,physical,2517,2026-05-17T00:00:00Z
bassem.feki95@prospects.tn,meeting,physical,1042,2026-05-09T06:00:00Z
bassem.feki95@prospects.tn,meeting,physical,2956,2026-04-02T19:00:00Z
bassem.feki95@prospects.tn,meeting,physical,3239,2026-04-17T10:00:00Z
bassem.feki95@prospects.tn,form_submit,web,324,2026-03-23T02:00:00Z
bassem.feki95@prospects.tn,form_submit,web,352,2026-05-03T17:00:00Z
bassem.feki95@prospects.tn,form_submit,web,377,2026-05-04T17:00:00Z
bassem.feki95@prospects.tn,email_opened,email,57,2026-04-25T08:00:00Z
bassem.feki95@prospects.tn,email_opened,email,50,2026-05-12T00:00:00Z
bassem.feki95@prospects.tn,email_opened,email,134,2026-05-07T03:00:00Z
bassem.feki95@prospects.tn,email_opened,email,64,2026-05-07T04:00:00Z
bassem.feki95@prospects.tn,email_opened,email,62,2026-04-02T18:00:00Z
bassem.feki95@prospects.tn,email_opened,email,74,2026-03-27T03:00:00Z
bassem.feki95@prospects.tn,email_opened,email,69,2026-03-27T09:00:00Z
bassem.feki95@prospects.tn,email_opened,email,52,2026-04-28T13:00:00Z
bassem.feki95@prospects.tn,website_visit,web,36,2026-04-17T12:00:00Z
bassem.feki95@prospects.tn,website_visit,web,231,2026-05-16T18:00:00Z
bassem.feki95@prospects.tn,website_visit,web,55,2026-05-14T01:00:00Z
lina.rekik96@prospects.tn,email_opened,email,106,2026-06-02T00:00:00Z
lina.rekik96@prospects.tn,website_visit,web,433,2026-05-27T15:00:00Z
lina.rekik96@prospects.tn,website_visit,web,421,2026-06-02T03:00:00Z
lina.rekik96@prospects.tn,website_visit,web,170,2026-05-26T04:00:00Z
lina.rekik96@prospects.tn,website_visit,web,174,2026-05-27T23:00:00Z
maha.yahyaoui97@prospects.tn,meeting,physical,1168,2026-01-19T00:00:00Z
maha.yahyaoui97@prospects.tn,website_visit,web,174,2026-01-19T04:00:00Z
maha.yahyaoui97@prospects.tn,website_visit,web,378,2026-01-18T05:00:00Z
maha.yahyaoui97@prospects.tn,website_visit,web,274,2026-01-18T06:00:00Z
dorra.naffati98@prospects.tn,meeting,physical,3333,2026-05-20T00:00:00Z
dorra.naffati98@prospects.tn,meeting,physical,2727,2026-05-16T23:00:00Z
dorra.naffati98@prospects.tn,form_submit,web,150,2026-05-13T09:00:00Z
dorra.naffati98@prospects.tn,email_opened,email,141,2026-05-12T12:00:00Z
dorra.naffati98@prospects.tn,email_opened,email,170,2026-05-12T05:00:00Z
dorra.naffati98@prospects.tn,email_opened,email,161,2026-05-15T07:00:00Z
dorra.naffati98@prospects.tn,website_visit,web,194,2026-05-15T21:00:00Z
dorra.naffati98@prospects.tn,website_visit,web,191,2026-05-15T08:00:00Z
dorra.naffati98@prospects.tn,website_visit,web,98,2026-05-18T16:00:00Z
dorra.naffati98@prospects.tn,website_visit,web,443,2026-05-12T21:00:00Z
anis.baccouche99@prospects.tn,meeting,physical,2780,2026-05-31T00:00:00Z
anis.baccouche99@prospects.tn,meeting,physical,1932,2026-03-27T21:00:00Z
anis.baccouche99@prospects.tn,meeting,physical,1793,2026-02-06T15:00:00Z
anis.baccouche99@prospects.tn,meeting,physical,2811,2026-01-26T10:00:00Z
anis.baccouche99@prospects.tn,form_submit,web,214,2026-03-21T20:00:00Z
anis.baccouche99@prospects.tn,form_submit,web,326,2026-04-03T08:00:00Z
anis.baccouche99@prospects.tn,email_opened,email,179,2026-03-17T20:00:00Z
anis.baccouche99@prospects.tn,email_opened,email,121,2026-03-27T06:00:00Z
anis.baccouche99@prospects.tn,email_opened,email,169,2026-02-17T16:00:00Z
anis.baccouche99@prospects.tn,website_visit,web,67,2026-03-12T01:00:00Z
anis.baccouche99@prospects.tn,website_visit,web,18,2026-04-23T21:00:00Z
anis.baccouche99@prospects.tn,website_visit,web,276,2026-04-01T21:00:00Z
anis.baccouche99@prospects.tn,website_visit,web,354,2026-02-14T23:00:00Z
anis.baccouche99@prospects.tn,website_visit,web,446,2026-01-16T20:00:00Z
anis.baccouche99@prospects.tn,website_visit,web,444,2026-05-17T09:00:00Z
anis.baccouche99@prospects.tn,website_visit,web,206,2026-03-17T13:00:00Z
anis.baccouche99@prospects.tn,website_visit,web,302,2026-04-23T12:00:00Z
anis.baccouche99@prospects.tn,website_visit,web,346,2026-01-19T18:00:00Z
anis.baccouche99@prospects.tn,website_visit,web,319,2026-02-27T10:00:00Z
anis.baccouche99@prospects.tn,website_visit,web,326,2026-03-07T21:00:00Z
anis.baccouche99@prospects.tn,website_visit,web,159,2026-05-26T20:00:00Z
rim.dridi100@prospects.tn,form_submit,web,395,2026-05-25T00:00:00Z
rim.dridi100@prospects.tn,form_submit,web,105,2026-05-05T10:00:00Z
rim.dridi100@prospects.tn,form_submit,web,173,2026-04-29T08:00:00Z
rim.dridi100@prospects.tn,email_opened,email,110,2026-04-19T14:00:00Z
rim.dridi100@prospects.tn,website_visit,web,129,2026-03-28T15:00:00Z
rim.dridi100@prospects.tn,website_visit,web,396,2026-03-19T20:00:00Z
rim.dridi100@prospects.tn,website_visit,web,461,2026-03-22T15:00:00Z
rim.dridi100@prospects.tn,website_visit,web,172,2026-04-06T16:00:00Z
hatem.hamdi101@prospects.tn,meeting,physical,1231,2026-05-25T00:00:00Z
hatem.hamdi101@prospects.tn,form_submit,web,309,2026-04-19T20:00:00Z
hatem.hamdi101@prospects.tn,email_opened,email,105,2026-03-17T00:00:00Z
hatem.hamdi101@prospects.tn,website_visit,web,338,2026-05-06T08:00:00Z
hatem.hamdi101@prospects.tn,website_visit,web,105,2026-04-05T05:00:00Z
mariem.haddad102@prospects.tn,meeting,physical,3075,2026-06-02T00:00:00Z
mariem.haddad102@prospects.tn,meeting,physical,1680,2026-05-19T09:00:00Z
mariem.haddad102@prospects.tn,meeting,physical,973,2026-03-26T02:00:00Z
mariem.haddad102@prospects.tn,meeting,physical,916,2026-03-10T09:00:00Z
mariem.haddad102@prospects.tn,meeting,physical,3466,2026-04-11T14:00:00Z
mariem.haddad102@prospects.tn,form_submit,web,187,2026-05-10T19:00:00Z
mariem.haddad102@prospects.tn,email_opened,email,77,2026-05-11T10:00:00Z
mariem.haddad102@prospects.tn,email_opened,email,197,2026-04-29T21:00:00Z
mariem.haddad102@prospects.tn,email_opened,email,108,2026-03-22T10:00:00Z
mariem.haddad102@prospects.tn,email_opened,email,99,2026-05-06T11:00:00Z
mariem.haddad102@prospects.tn,email_opened,email,53,2026-03-29T05:00:00Z
mariem.haddad102@prospects.tn,email_opened,email,46,2026-04-25T00:00:00Z
mariem.haddad102@prospects.tn,website_visit,web,211,2026-04-03T07:00:00Z
mariem.haddad102@prospects.tn,website_visit,web,272,2026-03-21T06:00:00Z
bilel.cherif104@prospects.tn,meeting,physical,2005,2026-06-01T00:00:00Z
bilel.cherif104@prospects.tn,meeting,physical,3450,2026-05-17T08:00:00Z
bilel.cherif104@prospects.tn,form_submit,web,370,2026-05-24T16:00:00Z
bilel.cherif104@prospects.tn,form_submit,web,130,2026-03-04T11:00:00Z
bilel.cherif104@prospects.tn,email_opened,email,127,2026-05-08T13:00:00Z
bilel.cherif104@prospects.tn,email_opened,email,46,2026-03-16T05:00:00Z
bilel.cherif104@prospects.tn,email_opened,email,150,2026-02-12T17:00:00Z
bilel.cherif104@prospects.tn,email_opened,email,178,2026-04-11T06:00:00Z
bilel.cherif104@prospects.tn,website_visit,web,75,2026-05-06T15:00:00Z
bilel.cherif104@prospects.tn,website_visit,web,159,2026-03-21T07:00:00Z
bilel.cherif104@prospects.tn,website_visit,web,73,2026-02-07T00:00:00Z
bilel.cherif104@prospects.tn,website_visit,web,416,2026-05-03T02:00:00Z
bilel.cherif104@prospects.tn,website_visit,web,69,2026-02-21T18:00:00Z
bilel.cherif104@prospects.tn,website_visit,web,269,2026-05-03T15:00:00Z
bilel.cherif104@prospects.tn,website_visit,web,116,2026-02-26T02:00:00Z
bilel.cherif104@prospects.tn,website_visit,web,326,2026-05-17T16:00:00Z
bilel.cherif104@prospects.tn,website_visit,web,117,2026-02-16T23:00:00Z
ghada.oueslati105@prospects.tn,meeting,physical,1374,2026-05-28T00:00:00Z
ghada.oueslati105@prospects.tn,meeting,physical,1289,2026-04-01T10:00:00Z
ghada.oueslati105@prospects.tn,meeting,physical,1087,2026-03-08T03:00:00Z
ghada.oueslati105@prospects.tn,meeting,physical,939,2026-04-05T12:00:00Z
ghada.oueslati105@prospects.tn,meeting,physical,1466,2026-04-12T08:00:00Z
ghada.oueslati105@prospects.tn,meeting,physical,3550,2026-04-03T22:00:00Z
ghada.oueslati105@prospects.tn,email_opened,email,63,2026-04-15T13:00:00Z
ghada.oueslati105@prospects.tn,email_opened,email,104,2026-05-07T05:00:00Z
ghada.oueslati105@prospects.tn,website_visit,web,198,2026-02-27T04:00:00Z
ghada.oueslati105@prospects.tn,website_visit,web,472,2026-05-13T23:00:00Z
ghada.oueslati105@prospects.tn,website_visit,web,239,2026-02-20T05:00:00Z
ghada.oueslati105@prospects.tn,website_visit,web,333,2026-02-26T13:00:00Z
ghada.oueslati105@prospects.tn,website_visit,web,152,2026-04-29T15:00:00Z
ghada.oueslati105@prospects.tn,website_visit,web,464,2026-05-26T18:00:00Z
ghada.oueslati105@prospects.tn,website_visit,web,390,2026-05-10T14:00:00Z
ghada.oueslati105@prospects.tn,website_visit,web,62,2026-03-08T19:00:00Z
fares.dridi106@prospects.tn,meeting,physical,950,2026-06-03T00:00:00Z
fares.dridi106@prospects.tn,form_submit,web,328,2026-04-11T16:00:00Z
fares.dridi106@prospects.tn,form_submit,web,355,2026-05-04T22:00:00Z
fares.dridi106@prospects.tn,form_submit,web,349,2026-05-27T19:00:00Z
fares.dridi106@prospects.tn,email_opened,email,77,2026-03-11T13:00:00Z
fares.dridi106@prospects.tn,website_visit,web,357,2026-05-22T23:00:00Z
rania.baccouche107@prospects.tn,meeting,physical,1577,2026-05-13T00:00:00Z
rania.baccouche107@prospects.tn,meeting,physical,1206,2026-04-17T02:00:00Z
rania.baccouche107@prospects.tn,meeting,physical,2913,2026-05-01T14:00:00Z
rania.baccouche107@prospects.tn,form_submit,web,224,2026-05-08T14:00:00Z
rania.baccouche107@prospects.tn,email_opened,email,81,2026-04-07T15:00:00Z
rania.baccouche107@prospects.tn,email_opened,email,104,2026-04-30T10:00:00Z
rania.baccouche107@prospects.tn,website_visit,web,157,2026-04-09T15:00:00Z
rania.baccouche107@prospects.tn,website_visit,web,40,2026-05-13T00:00:00Z
rania.baccouche107@prospects.tn,website_visit,web,274,2026-04-08T12:00:00Z
rania.baccouche107@prospects.tn,website_visit,web,129,2026-04-28T01:00:00Z
rania.baccouche107@prospects.tn,website_visit,web,296,2026-05-07T17:00:00Z
rania.baccouche107@prospects.tn,website_visit,web,344,2026-04-02T02:00:00Z
rania.baccouche107@prospects.tn,website_visit,web,208,2026-05-10T19:00:00Z
rania.baccouche107@prospects.tn,website_visit,web,221,2026-05-12T09:00:00Z
yassine.gabsi108@prospects.tn,meeting,physical,1367,2026-05-21T00:00:00Z
yassine.gabsi108@prospects.tn,meeting,physical,1299,2026-04-18T22:00:00Z
yassine.gabsi108@prospects.tn,meeting,physical,3598,2026-05-06T03:00:00Z
yassine.gabsi108@prospects.tn,meeting,physical,1808,2026-04-26T19:00:00Z
yassine.gabsi108@prospects.tn,form_submit,web,61,2026-04-22T06:00:00Z
yassine.gabsi108@prospects.tn,email_opened,email,107,2026-04-17T12:00:00Z
yassine.gabsi108@prospects.tn,email_opened,email,110,2026-04-23T14:00:00Z
yassine.gabsi108@prospects.tn,email_opened,email,182,2026-04-22T22:00:00Z
yassine.gabsi108@prospects.tn,email_opened,email,94,2026-05-01T03:00:00Z
yassine.gabsi108@prospects.tn,email_opened,email,160,2026-05-06T01:00:00Z
yassine.gabsi108@prospects.tn,website_visit,web,282,2026-05-20T21:00:00Z
yassine.gabsi108@prospects.tn,website_visit,web,206,2026-05-17T03:00:00Z
yassine.gabsi108@prospects.tn,website_visit,web,374,2026-05-08T14:00:00Z
yassine.gabsi108@prospects.tn,website_visit,web,69,2026-05-17T16:00:00Z
yassine.gabsi108@prospects.tn,website_visit,web,38,2026-04-18T15:00:00Z
yassine.gabsi108@prospects.tn,website_visit,web,474,2026-04-10T16:00:00Z
yassine.gabsi108@prospects.tn,website_visit,web,99,2026-04-13T17:00:00Z
yassine.gabsi108@prospects.tn,website_visit,web,267,2026-05-07T18:00:00Z
rim.daldoul109@prospects.tn,meeting,physical,2020,2026-05-29T00:00:00Z
rim.daldoul109@prospects.tn,meeting,physical,2529,2026-03-30T19:00:00Z
rim.daldoul109@prospects.tn,form_submit,web,235,2026-05-06T23:00:00Z
rim.daldoul109@prospects.tn,email_opened,email,95,2026-04-12T09:00:00Z
rim.daldoul109@prospects.tn,email_opened,email,135,2026-05-24T22:00:00Z
rim.daldoul109@prospects.tn,email_opened,email,54,2026-04-17T10:00:00Z
rim.daldoul109@prospects.tn,website_visit,web,85,2026-05-08T23:00:00Z
hamza.larbi110@prospects.tn,website_visit,web,404,2026-02-12T00:00:00Z
hamza.larbi110@prospects.tn,website_visit,web,195,2026-02-12T15:00:00Z
seif.hachicha111@prospects.tn,meeting,physical,1718,2026-05-12T00:00:00Z
seif.hachicha111@prospects.tn,meeting,physical,1993,2026-02-27T22:00:00Z
seif.hachicha111@prospects.tn,website_visit,web,399,2026-03-29T06:00:00Z
seif.hachicha111@prospects.tn,website_visit,web,417,2026-04-30T01:00:00Z
seif.hachicha111@prospects.tn,website_visit,web,97,2026-04-06T14:00:00Z
seif.hachicha111@prospects.tn,website_visit,web,161,2026-03-05T19:00:00Z
seif.hachicha111@prospects.tn,website_visit,web,364,2026-05-02T07:00:00Z
seif.hachicha111@prospects.tn,website_visit,web,143,2026-05-02T12:00:00Z
seif.hachicha111@prospects.tn,website_visit,web,89,2026-03-22T16:00:00Z
wassim.cherif112@prospects.tn,meeting,physical,3495,2026-05-23T00:00:00Z
wassim.cherif112@prospects.tn,email_opened,email,200,2026-02-27T23:00:00Z
wassim.cherif112@prospects.tn,email_opened,email,185,2026-02-26T09:00:00Z
wassim.cherif112@prospects.tn,email_opened,email,114,2026-05-02T05:00:00Z
wassim.cherif112@prospects.tn,website_visit,web,401,2026-01-27T05:00:00Z
wassim.cherif112@prospects.tn,website_visit,web,316,2026-02-21T23:00:00Z
wassim.cherif112@prospects.tn,website_visit,web,294,2026-05-19T03:00:00Z
wassim.cherif112@prospects.tn,website_visit,web,393,2026-04-14T01:00:00Z
wassim.cherif112@prospects.tn,website_visit,web,323,2026-04-27T08:00:00Z
hamza.oueslati113@prospects.tn,meeting,physical,2133,2026-05-30T00:00:00Z
hamza.oueslati113@prospects.tn,meeting,physical,2909,2026-05-16T17:00:00Z
hamza.oueslati113@prospects.tn,form_submit,web,353,2026-05-24T12:00:00Z
hamza.oueslati113@prospects.tn,form_submit,web,341,2026-04-25T11:00:00Z
hamza.oueslati113@prospects.tn,form_submit,web,243,2026-05-04T06:00:00Z
hamza.oueslati113@prospects.tn,form_submit,web,97,2026-05-11T10:00:00Z
hamza.oueslati113@prospects.tn,email_opened,email,101,2026-05-13T09:00:00Z
hamza.oueslati113@prospects.tn,email_opened,email,154,2026-05-03T19:00:00Z
hamza.oueslati113@prospects.tn,email_opened,email,76,2026-05-23T15:00:00Z
hamza.oueslati113@prospects.tn,website_visit,web,109,2026-05-25T20:00:00Z
hamza.oueslati113@prospects.tn,website_visit,web,281,2026-04-20T03:00:00Z
hamza.oueslati113@prospects.tn,website_visit,web,49,2026-05-12T14:00:00Z
hamza.oueslati113@prospects.tn,website_visit,web,417,2026-05-05T20:00:00Z
hamza.oueslati113@prospects.tn,website_visit,web,273,2026-05-29T19:00:00Z
hamza.oueslati113@prospects.tn,website_visit,web,96,2026-05-05T01:00:00Z
zied.hamdi114@prospects.tn,meeting,physical,3004,2026-05-22T00:00:00Z
zied.hamdi114@prospects.tn,meeting,physical,1237,2026-05-15T03:00:00Z
zied.hamdi114@prospects.tn,form_submit,web,109,2026-05-08T17:00:00Z
zied.hamdi114@prospects.tn,form_submit,web,145,2026-05-15T20:00:00Z
zied.hamdi114@prospects.tn,form_submit,web,335,2026-05-04T23:00:00Z
zied.hamdi114@prospects.tn,form_submit,web,333,2026-05-06T00:00:00Z
zied.hamdi114@prospects.tn,email_opened,email,21,2026-05-16T22:00:00Z
zied.hamdi114@prospects.tn,email_opened,email,180,2026-05-12T01:00:00Z
zied.hamdi114@prospects.tn,email_opened,email,36,2026-05-04T02:00:00Z
zied.hamdi114@prospects.tn,website_visit,web,122,2026-05-03T05:00:00Z
zied.hamdi114@prospects.tn,website_visit,web,358,2026-05-10T17:00:00Z
zied.hamdi114@prospects.tn,website_visit,web,337,2026-05-04T18:00:00Z
zied.hamdi114@prospects.tn,website_visit,web,411,2026-05-09T08:00:00Z
zied.hamdi114@prospects.tn,website_visit,web,124,2026-05-15T12:00:00Z
zied.hamdi114@prospects.tn,website_visit,web,457,2026-05-16T20:00:00Z
hela.riahi115@prospects.tn,form_submit,web,208,2026-06-03T00:00:00Z
hela.riahi115@prospects.tn,form_submit,web,214,2026-05-01T17:00:00Z
hela.riahi115@prospects.tn,email_opened,email,175,2026-04-24T20:00:00Z
hela.riahi115@prospects.tn,email_opened,email,42,2026-04-15T09:00:00Z
hela.riahi115@prospects.tn,email_opened,email,92,2026-05-19T23:00:00Z
hela.riahi115@prospects.tn,email_opened,email,132,2026-05-17T11:00:00Z
hela.riahi115@prospects.tn,email_opened,email,117,2026-04-06T17:00:00Z
hela.riahi115@prospects.tn,email_opened,email,121,2026-05-31T17:00:00Z
hela.riahi115@prospects.tn,email_opened,email,189,2026-04-15T03:00:00Z
hela.riahi115@prospects.tn,website_visit,web,30,2026-04-08T00:00:00Z
hela.riahi115@prospects.tn,website_visit,web,257,2026-05-12T19:00:00Z
hela.riahi115@prospects.tn,website_visit,web,95,2026-05-01T17:00:00Z
hela.riahi115@prospects.tn,website_visit,web,288,2026-05-11T02:00:00Z
hela.riahi115@prospects.tn,website_visit,web,127,2026-04-25T06:00:00Z
hela.riahi115@prospects.tn,website_visit,web,84,2026-05-23T23:00:00Z
hela.riahi115@prospects.tn,website_visit,web,397,2026-06-02T23:00:00Z
bassem.larbi116@prospects.tn,email_opened,email,138,2026-05-23T00:00:00Z
bassem.larbi116@prospects.tn,website_visit,web,345,2026-05-22T09:00:00Z
bassem.larbi116@prospects.tn,website_visit,web,296,2026-05-22T08:00:00Z
ghada.karoui117@prospects.tn,meeting,physical,2152,2026-05-17T00:00:00Z
ghada.karoui117@prospects.tn,meeting,physical,3292,2026-02-20T21:00:00Z
ghada.karoui117@prospects.tn,form_submit,web,138,2026-05-07T10:00:00Z
ghada.karoui117@prospects.tn,email_opened,email,164,2026-04-05T14:00:00Z
ghada.karoui117@prospects.tn,email_opened,email,165,2026-04-01T11:00:00Z
ghada.karoui117@prospects.tn,email_opened,email,113,2026-05-13T09:00:00Z
ghada.karoui117@prospects.tn,email_opened,email,100,2026-04-06T17:00:00Z
ghada.karoui117@prospects.tn,email_opened,email,129,2026-02-16T05:00:00Z
ghada.karoui117@prospects.tn,email_opened,email,63,2026-04-26T19:00:00Z
ghada.karoui117@prospects.tn,email_opened,email,21,2026-02-13T08:00:00Z
ghada.karoui117@prospects.tn,email_opened,email,100,2026-02-20T17:00:00Z
ghada.karoui117@prospects.tn,website_visit,web,141,2026-02-28T08:00:00Z
ghada.karoui117@prospects.tn,website_visit,web,417,2026-05-07T20:00:00Z
ghada.karoui117@prospects.tn,website_visit,web,128,2026-02-12T23:00:00Z
ghada.karoui117@prospects.tn,website_visit,web,379,2026-02-12T00:00:00Z
ghada.karoui117@prospects.tn,website_visit,web,393,2026-04-08T20:00:00Z
ghada.karoui117@prospects.tn,website_visit,web,343,2026-02-06T18:00:00Z
ghada.karoui117@prospects.tn,website_visit,web,238,2026-04-18T12:00:00Z
ghada.karoui117@prospects.tn,website_visit,web,156,2026-05-12T18:00:00Z
ghada.karoui117@prospects.tn,website_visit,web,445,2026-03-02T01:00:00Z
ghada.karoui117@prospects.tn,website_visit,web,199,2026-04-14T08:00:00Z
donia.feki118@prospects.tn,meeting,physical,3415,2026-05-31T00:00:00Z
donia.feki118@prospects.tn,form_submit,web,144,2026-05-07T11:00:00Z
donia.feki118@prospects.tn,form_submit,web,323,2026-03-12T07:00:00Z
donia.feki118@prospects.tn,form_submit,web,131,2026-05-08T07:00:00Z
donia.feki118@prospects.tn,email_opened,email,134,2026-03-15T08:00:00Z
donia.feki118@prospects.tn,email_opened,email,60,2026-04-23T07:00:00Z
donia.feki118@prospects.tn,email_opened,email,65,2026-03-12T21:00:00Z
donia.feki118@prospects.tn,website_visit,web,304,2026-04-02T16:00:00Z
donia.feki118@prospects.tn,website_visit,web,500,2026-04-22T12:00:00Z
donia.feki118@prospects.tn,website_visit,web,304,2026-05-06T14:00:00Z
donia.feki118@prospects.tn,website_visit,web,352,2026-03-12T01:00:00Z
donia.feki118@prospects.tn,website_visit,web,461,2026-05-29T10:00:00Z
donia.feki118@prospects.tn,website_visit,web,89,2026-03-20T22:00:00Z
aymen.rekik119@prospects.tn,meeting,physical,2345,2026-05-27T00:00:00Z
aymen.rekik119@prospects.tn,meeting,physical,2313,2026-04-01T06:00:00Z
aymen.rekik119@prospects.tn,meeting,physical,2894,2026-02-27T05:00:00Z
aymen.rekik119@prospects.tn,email_opened,email,143,2026-03-01T11:00:00Z
aymen.rekik119@prospects.tn,email_opened,email,174,2026-02-19T21:00:00Z
aymen.rekik119@prospects.tn,email_opened,email,21,2026-03-19T13:00:00Z
aymen.rekik119@prospects.tn,email_opened,email,148,2026-04-14T23:00:00Z
aymen.rekik119@prospects.tn,email_opened,email,55,2026-02-18T15:00:00Z
aymen.rekik119@prospects.tn,website_visit,web,240,2026-05-22T15:00:00Z
aymen.rekik119@prospects.tn,website_visit,web,99,2026-03-14T18:00:00Z
aymen.rekik119@prospects.tn,website_visit,web,132,2026-03-02T20:00:00Z
aymen.rekik119@prospects.tn,website_visit,web,54,2026-05-05T00:00:00Z
aymen.rekik119@prospects.tn,website_visit,web,278,2026-03-23T01:00:00Z
aymen.rekik119@prospects.tn,website_visit,web,344,2026-02-21T18:00:00Z
seif.haddad120@prospects.tn,meeting,physical,1251,2026-05-14T00:00:00Z
seif.haddad120@prospects.tn,meeting,physical,1787,2026-05-04T19:00:00Z
seif.haddad120@prospects.tn,meeting,physical,2739,2026-05-07T05:00:00Z
seif.haddad120@prospects.tn,meeting,physical,3384,2026-05-09T14:00:00Z
seif.haddad120@prospects.tn,meeting,physical,2830,2026-05-01T07:00:00Z
seif.haddad120@prospects.tn,email_opened,email,143,2026-05-11T12:00:00Z
seif.haddad120@prospects.tn,email_opened,email,63,2026-05-03T03:00:00Z
seif.haddad120@prospects.tn,email_opened,email,76,2026-04-29T06:00:00Z
seif.haddad120@prospects.tn,email_opened,email,125,2026-05-12T04:00:00Z
seif.haddad120@prospects.tn,email_opened,email,173,2026-05-02T05:00:00Z
seif.haddad120@prospects.tn,website_visit,web,88,2026-05-14T19:00:00Z
seif.haddad120@prospects.tn,website_visit,web,421,2026-04-30T17:00:00Z
seif.haddad120@prospects.tn,website_visit,web,313,2026-05-02T02:00:00Z
seif.haddad120@prospects.tn,website_visit,web,435,2026-05-14T21:00:00Z
seif.haddad120@prospects.tn,website_visit,web,407,2026-05-03T19:00:00Z
donia.jaziri121@prospects.tn,meeting,physical,3259,2026-05-13T00:00:00Z
donia.jaziri121@prospects.tn,meeting,physical,1300,2026-03-07T02:00:00Z
donia.jaziri121@prospects.tn,email_opened,email,128,2026-03-14T19:00:00Z
donia.jaziri121@prospects.tn,email_opened,email,54,2026-04-16T13:00:00Z
donia.jaziri121@prospects.tn,email_opened,email,85,2026-03-10T06:00:00Z
donia.jaziri121@prospects.tn,website_visit,web,259,2026-02-06T22:00:00Z
anis.hachicha122@prospects.tn,website_visit,web,304,2026-06-03T00:00:00Z
anis.hachicha122@prospects.tn,website_visit,web,202,2026-05-27T21:00:00Z
hela.larbi123@prospects.tn,meeting,physical,1841,2026-05-27T00:00:00Z
hela.larbi123@prospects.tn,form_submit,web,288,2026-05-23T16:00:00Z
hela.larbi123@prospects.tn,email_opened,email,199,2026-05-25T10:00:00Z
hela.larbi123@prospects.tn,email_opened,email,61,2026-05-26T19:00:00Z
hela.larbi123@prospects.tn,website_visit,web,66,2026-05-27T21:00:00Z
dorra.haddad124@prospects.tn,form_submit,web,374,2026-05-25T00:00:00Z
aymen.sfar125@prospects.tn,form_submit,web,324,2026-06-04T00:00:00Z
aymen.sfar125@prospects.tn,email_opened,email,198,2026-06-04T05:00:00Z
aymen.sfar125@prospects.tn,website_visit,web,133,2026-05-17T11:00:00Z
rania.jaziri126@prospects.tn,meeting,physical,3190,2026-06-01T00:00:00Z
rania.jaziri126@prospects.tn,form_submit,web,358,2026-05-12T05:00:00Z
rania.jaziri126@prospects.tn,email_opened,email,109,2026-05-22T16:00:00Z
rania.jaziri126@prospects.tn,email_opened,email,108,2026-05-02T17:00:00Z
rania.jaziri126@prospects.tn,email_opened,email,90,2026-04-30T16:00:00Z
rania.jaziri126@prospects.tn,email_opened,email,77,2026-05-14T10:00:00Z
rania.jaziri126@prospects.tn,email_opened,email,175,2026-05-03T16:00:00Z
rania.jaziri126@prospects.tn,website_visit,web,114,2026-05-12T17:00:00Z
rania.jaziri126@prospects.tn,website_visit,web,247,2026-06-01T08:00:00Z
rania.jaziri126@prospects.tn,website_visit,web,491,2026-05-24T12:00:00Z
rania.jaziri126@prospects.tn,website_visit,web,221,2026-06-01T15:00:00Z
rania.jaziri126@prospects.tn,website_visit,web,309,2026-05-11T10:00:00Z
rania.jaziri126@prospects.tn,website_visit,web,17,2026-05-25T21:00:00Z
nidhal.issaoui127@prospects.tn,meeting,physical,1978,2026-06-04T00:00:00Z
nidhal.issaoui127@prospects.tn,meeting,physical,1916,2026-03-05T15:00:00Z
nidhal.issaoui127@prospects.tn,meeting,physical,2076,2026-03-08T07:00:00Z
nidhal.issaoui127@prospects.tn,meeting,physical,1280,2026-03-18T08:00:00Z
nidhal.issaoui127@prospects.tn,form_submit,web,264,2026-03-09T07:00:00Z
nidhal.issaoui127@prospects.tn,email_opened,email,192,2026-03-08T07:00:00Z
nidhal.issaoui127@prospects.tn,email_opened,email,107,2026-04-17T04:00:00Z
nidhal.issaoui127@prospects.tn,email_opened,email,39,2026-02-12T03:00:00Z
nidhal.issaoui127@prospects.tn,email_opened,email,161,2026-02-05T21:00:00Z
nidhal.issaoui127@prospects.tn,email_opened,email,65,2026-05-22T19:00:00Z
nidhal.issaoui127@prospects.tn,email_opened,email,141,2026-01-17T17:00:00Z
nidhal.issaoui127@prospects.tn,email_opened,email,100,2026-01-26T15:00:00Z
nidhal.issaoui127@prospects.tn,website_visit,web,196,2026-04-21T19:00:00Z
nidhal.issaoui127@prospects.tn,website_visit,web,126,2026-04-06T15:00:00Z
nidhal.issaoui127@prospects.tn,website_visit,web,472,2026-03-27T15:00:00Z
nidhal.issaoui127@prospects.tn,website_visit,web,308,2026-03-03T16:00:00Z
nidhal.issaoui127@prospects.tn,website_visit,web,152,2026-03-28T12:00:00Z
nidhal.issaoui127@prospects.tn,website_visit,web,108,2026-03-13T18:00:00Z
nidhal.issaoui127@prospects.tn,website_visit,web,499,2026-02-17T01:00:00Z
aymen.riahi128@prospects.tn,email_opened,email,117,2026-05-27T00:00:00Z
aymen.riahi128@prospects.tn,email_opened,email,168,2026-05-25T19:00:00Z
aymen.riahi128@prospects.tn,email_opened,email,45,2026-05-24T05:00:00Z
aymen.riahi128@prospects.tn,website_visit,web,181,2026-05-24T07:00:00Z
takwa.baccouche129@prospects.tn,email_opened,email,45,2026-01-09T00:00:00Z
takwa.baccouche129@prospects.tn,website_visit,web,384,2025-11-25T07:00:00Z
hamza.riahi130@prospects.tn,meeting,physical,2193,2026-05-23T00:00:00Z
hamza.riahi130@prospects.tn,meeting,physical,2893,2026-03-04T11:00:00Z
hamza.riahi130@prospects.tn,meeting,physical,2128,2026-03-29T17:00:00Z
hamza.riahi130@prospects.tn,meeting,physical,1927,2026-05-16T08:00:00Z
hamza.riahi130@prospects.tn,meeting,physical,3202,2026-03-02T00:00:00Z
hamza.riahi130@prospects.tn,meeting,physical,3225,2026-03-10T03:00:00Z
hamza.riahi130@prospects.tn,meeting,physical,1095,2026-03-02T21:00:00Z
hamza.riahi130@prospects.tn,form_submit,web,263,2026-05-20T19:00:00Z
hamza.riahi130@prospects.tn,email_opened,email,45,2026-02-11T18:00:00Z
hamza.riahi130@prospects.tn,email_opened,email,196,2026-03-31T20:00:00Z
hamza.riahi130@prospects.tn,email_opened,email,61,2026-04-10T17:00:00Z
hamza.riahi130@prospects.tn,email_opened,email,35,2026-02-08T09:00:00Z
hamza.riahi130@prospects.tn,email_opened,email,75,2026-03-03T10:00:00Z
hamza.riahi130@prospects.tn,email_opened,email,85,2026-04-13T16:00:00Z
hamza.riahi130@prospects.tn,email_opened,email,141,2026-03-20T23:00:00Z
hamza.riahi130@prospects.tn,website_visit,web,444,2026-03-15T02:00:00Z
hamza.riahi130@prospects.tn,website_visit,web,337,2026-03-06T19:00:00Z
hamza.riahi130@prospects.tn,website_visit,web,64,2026-02-22T14:00:00Z
hamza.riahi130@prospects.tn,website_visit,web,245,2026-04-07T04:00:00Z
hamza.riahi130@prospects.tn,website_visit,web,396,2026-05-08T05:00:00Z
hamza.riahi130@prospects.tn,website_visit,web,186,2026-04-08T10:00:00Z
hamza.riahi130@prospects.tn,website_visit,web,148,2026-03-11T20:00:00Z
walid.hachicha131@prospects.tn,meeting,physical,3304,2026-05-24T00:00:00Z
walid.hachicha131@prospects.tn,email_opened,email,153,2026-05-23T00:00:00Z
walid.hachicha131@prospects.tn,email_opened,email,135,2026-05-23T23:00:00Z
walid.hachicha131@prospects.tn,website_visit,web,226,2026-05-23T21:00:00Z
walid.hachicha131@prospects.tn,website_visit,web,100,2026-05-24T23:00:00Z
firas.hamdi133@prospects.tn,meeting,physical,3114,2026-06-01T00:00:00Z
firas.hamdi133@prospects.tn,form_submit,web,199,2026-05-27T22:00:00Z
firas.hamdi133@prospects.tn,email_opened,email,160,2026-05-30T05:00:00Z
firas.hamdi133@prospects.tn,website_visit,web,242,2026-05-30T19:00:00Z
nidhal.hachicha134@prospects.tn,email_opened,email,20,2026-05-27T00:00:00Z
nidhal.hachicha134@prospects.tn,email_opened,email,153,2026-05-23T11:00:00Z
wassim.baccouche135@prospects.tn,meeting,physical,2586,2026-06-03T00:00:00Z
wassim.baccouche135@prospects.tn,meeting,physical,3196,2026-05-30T12:00:00Z
wassim.baccouche135@prospects.tn,form_submit,web,283,2026-04-26T07:00:00Z
wassim.baccouche135@prospects.tn,email_opened,email,121,2026-04-11T02:00:00Z
wassim.baccouche135@prospects.tn,email_opened,email,83,2026-05-02T20:00:00Z
wassim.baccouche135@prospects.tn,email_opened,email,61,2026-04-08T16:00:00Z
wassim.baccouche135@prospects.tn,website_visit,web,381,2026-05-26T22:00:00Z
wassim.baccouche135@prospects.tn,website_visit,web,392,2026-04-12T09:00:00Z
donia.rekik136@prospects.tn,meeting,physical,3091,2026-05-28T00:00:00Z
donia.rekik136@prospects.tn,form_submit,web,71,2026-03-26T07:00:00Z
donia.rekik136@prospects.tn,form_submit,web,155,2026-04-05T04:00:00Z
donia.rekik136@prospects.tn,form_submit,web,112,2026-03-26T15:00:00Z
donia.rekik136@prospects.tn,email_opened,email,92,2026-04-21T10:00:00Z
donia.rekik136@prospects.tn,email_opened,email,88,2026-05-17T09:00:00Z
donia.rekik136@prospects.tn,email_opened,email,52,2026-05-27T11:00:00Z
donia.rekik136@prospects.tn,website_visit,web,381,2026-05-23T22:00:00Z
donia.rekik136@prospects.tn,website_visit,web,239,2026-03-29T10:00:00Z
donia.rekik136@prospects.tn,website_visit,web,387,2026-04-04T04:00:00Z
dorra.rekik137@prospects.tn,email_opened,email,28,2026-06-03T00:00:00Z
dorra.rekik137@prospects.tn,email_opened,email,70,2026-05-24T16:00:00Z
dorra.rekik137@prospects.tn,email_opened,email,137,2026-06-02T06:00:00Z
dorra.rekik137@prospects.tn,website_visit,web,391,2026-05-30T12:00:00Z
dorra.rekik137@prospects.tn,website_visit,web,409,2026-06-02T09:00:00Z
zied.haddad138@prospects.tn,meeting,physical,3492,2026-05-11T00:00:00Z
zied.haddad138@prospects.tn,email_opened,email,131,2026-03-12T12:00:00Z
zied.haddad138@prospects.tn,email_opened,email,103,2026-03-28T00:00:00Z
zied.haddad138@prospects.tn,website_visit,web,22,2026-03-02T18:00:00Z
zied.haddad138@prospects.tn,website_visit,web,100,2026-04-26T22:00:00Z
zied.haddad138@prospects.tn,website_visit,web,421,2026-03-16T11:00:00Z
zied.haddad138@prospects.tn,website_visit,web,156,2026-03-08T07:00:00Z
zied.haddad138@prospects.tn,website_visit,web,314,2026-03-17T15:00:00Z
firas.zouari139@prospects.tn,meeting,physical,1690,2026-05-14T00:00:00Z
firas.zouari139@prospects.tn,meeting,physical,987,2026-04-11T22:00:00Z
firas.zouari139@prospects.tn,email_opened,email,196,2026-04-05T17:00:00Z
firas.zouari139@prospects.tn,email_opened,email,116,2026-03-17T17:00:00Z
firas.zouari139@prospects.tn,website_visit,web,198,2026-05-08T15:00:00Z
firas.zouari139@prospects.tn,website_visit,web,385,2026-03-04T18:00:00Z
firas.zouari139@prospects.tn,website_visit,web,83,2026-03-03T17:00:00Z
firas.zouari139@prospects.tn,website_visit,web,143,2026-03-24T10:00:00Z
firas.zouari139@prospects.tn,website_visit,web,475,2026-05-12T14:00:00Z
firas.zouari139@prospects.tn,website_visit,web,35,2026-03-15T19:00:00Z
hamza.haddad140@prospects.tn,meeting,physical,3440,2026-05-19T00:00:00Z
hamza.haddad140@prospects.tn,meeting,physical,1878,2026-05-08T03:00:00Z
hamza.haddad140@prospects.tn,meeting,physical,2213,2026-05-01T16:00:00Z
hamza.haddad140@prospects.tn,meeting,physical,1159,2026-05-19T02:00:00Z
hamza.haddad140@prospects.tn,meeting,physical,3596,2026-04-29T04:00:00Z
hamza.haddad140@prospects.tn,form_submit,web,335,2026-05-03T01:00:00Z
hamza.haddad140@prospects.tn,email_opened,email,119,2026-05-04T03:00:00Z
hamza.haddad140@prospects.tn,email_opened,email,68,2026-05-13T06:00:00Z
hamza.haddad140@prospects.tn,email_opened,email,154,2026-05-01T01:00:00Z
hamza.haddad140@prospects.tn,email_opened,email,194,2026-05-16T20:00:00Z
hamza.haddad140@prospects.tn,email_opened,email,147,2026-05-10T21:00:00Z
hamza.haddad140@prospects.tn,email_opened,email,161,2026-05-13T16:00:00Z
hamza.haddad140@prospects.tn,email_opened,email,59,2026-05-17T22:00:00Z
hamza.haddad140@prospects.tn,website_visit,web,328,2026-05-16T08:00:00Z
hamza.haddad140@prospects.tn,website_visit,web,159,2026-04-29T11:00:00Z
hamza.haddad140@prospects.tn,website_visit,web,180,2026-05-05T19:00:00Z
hamza.haddad140@prospects.tn,website_visit,web,224,2026-04-30T00:00:00Z
hamza.haddad140@prospects.tn,website_visit,web,343,2026-05-04T20:00:00Z
skander.mejri141@prospects.tn,meeting,physical,1219,2026-06-03T00:00:00Z
skander.mejri141@prospects.tn,meeting,physical,1784,2026-04-01T16:00:00Z
skander.mejri141@prospects.tn,email_opened,email,152,2026-05-31T07:00:00Z
skander.mejri141@prospects.tn,email_opened,email,44,2026-05-19T20:00:00Z
skander.mejri141@prospects.tn,email_opened,email,45,2026-03-30T17:00:00Z
skander.mejri141@prospects.tn,website_visit,web,386,2026-05-18T13:00:00Z
skander.mejri141@prospects.tn,website_visit,web,133,2026-03-21T20:00:00Z
skander.mejri141@prospects.tn,website_visit,web,287,2026-05-20T11:00:00Z
skander.mejri141@prospects.tn,website_visit,web,212,2026-06-02T14:00:00Z
skander.mejri141@prospects.tn,website_visit,web,112,2026-06-01T13:00:00Z
ghada.haddad142@prospects.tn,meeting,physical,3493,2026-05-30T00:00:00Z
ghada.haddad142@prospects.tn,meeting,physical,2663,2026-03-12T14:00:00Z
ghada.haddad142@prospects.tn,form_submit,web,225,2026-03-23T12:00:00Z
ghada.haddad142@prospects.tn,email_opened,email,175,2026-01-25T23:00:00Z
ghada.haddad142@prospects.tn,email_opened,email,81,2026-01-29T09:00:00Z
ghada.haddad142@prospects.tn,email_opened,email,164,2026-04-11T00:00:00Z
ghada.haddad142@prospects.tn,email_opened,email,159,2026-04-01T04:00:00Z
ghada.haddad142@prospects.tn,email_opened,email,74,2026-05-18T09:00:00Z
ghada.haddad142@prospects.tn,website_visit,web,207,2026-01-25T09:00:00Z
ghada.haddad142@prospects.tn,website_visit,web,407,2026-02-22T06:00:00Z
ghada.haddad142@prospects.tn,website_visit,web,296,2026-05-14T10:00:00Z
ghada.haddad142@prospects.tn,website_visit,web,489,2026-01-27T22:00:00Z
ghada.haddad142@prospects.tn,website_visit,web,396,2026-05-10T08:00:00Z
ghada.haddad142@prospects.tn,website_visit,web,145,2026-05-22T17:00:00Z
yassine.gabsi143@prospects.tn,meeting,physical,3230,2026-05-16T00:00:00Z
yassine.gabsi143@prospects.tn,meeting,physical,1790,2026-03-16T19:00:00Z
yassine.gabsi143@prospects.tn,meeting,physical,1216,2026-04-11T01:00:00Z
yassine.gabsi143@prospects.tn,form_submit,web,226,2026-05-16T12:00:00Z
yassine.gabsi143@prospects.tn,email_opened,email,143,2026-03-14T01:00:00Z
yassine.gabsi143@prospects.tn,email_opened,email,64,2026-04-15T11:00:00Z
yassine.gabsi143@prospects.tn,email_opened,email,144,2026-04-28T13:00:00Z
yassine.gabsi143@prospects.tn,email_opened,email,196,2026-03-19T07:00:00Z
yassine.gabsi143@prospects.tn,website_visit,web,374,2026-03-05T20:00:00Z
yassine.gabsi143@prospects.tn,website_visit,web,310,2026-04-21T01:00:00Z
yassine.gabsi143@prospects.tn,website_visit,web,434,2026-04-12T16:00:00Z
yassine.gabsi143@prospects.tn,website_visit,web,479,2026-03-09T10:00:00Z
donia.hachicha144@prospects.tn,meeting,physical,2515,2026-05-25T00:00:00Z
donia.hachicha144@prospects.tn,meeting,physical,1506,2026-05-22T06:00:00Z
donia.hachicha144@prospects.tn,meeting,physical,1441,2026-05-18T12:00:00Z
donia.hachicha144@prospects.tn,form_submit,web,232,2026-05-23T06:00:00Z
donia.hachicha144@prospects.tn,form_submit,web,102,2026-05-22T19:00:00Z
donia.hachicha144@prospects.tn,email_opened,email,141,2026-05-20T07:00:00Z
donia.hachicha144@prospects.tn,email_opened,email,166,2026-05-02T02:00:00Z
donia.hachicha144@prospects.tn,email_opened,email,32,2026-05-04T13:00:00Z
donia.hachicha144@prospects.tn,email_opened,email,160,2026-05-07T21:00:00Z
donia.hachicha144@prospects.tn,email_opened,email,122,2026-05-23T02:00:00Z
donia.hachicha144@prospects.tn,email_opened,email,87,2026-04-24T21:00:00Z
donia.hachicha144@prospects.tn,email_opened,email,41,2026-05-13T13:00:00Z
donia.hachicha144@prospects.tn,email_opened,email,122,2026-05-10T11:00:00Z
donia.hachicha144@prospects.tn,email_opened,email,148,2026-04-29T10:00:00Z
donia.hachicha144@prospects.tn,email_opened,email,131,2026-05-09T19:00:00Z
donia.hachicha144@prospects.tn,website_visit,web,411,2026-04-18T09:00:00Z
donia.hachicha144@prospects.tn,website_visit,web,372,2026-04-27T11:00:00Z
donia.hachicha144@prospects.tn,website_visit,web,81,2026-05-15T19:00:00Z
donia.hachicha144@prospects.tn,website_visit,web,405,2026-04-26T14:00:00Z
donia.hachicha144@prospects.tn,website_visit,web,84,2026-04-19T07:00:00Z
donia.hachicha144@prospects.tn,website_visit,web,261,2026-04-29T21:00:00Z
chaima.guesmi145@prospects.tn,form_submit,web,290,2026-05-11T00:00:00Z
chaima.guesmi145@prospects.tn,form_submit,web,301,2026-04-29T23:00:00Z
chaima.guesmi145@prospects.tn,email_opened,email,25,2026-02-27T22:00:00Z
chaima.guesmi145@prospects.tn,email_opened,email,104,2026-05-09T21:00:00Z
chaima.guesmi145@prospects.tn,email_opened,email,73,2026-02-11T12:00:00Z
chaima.guesmi145@prospects.tn,email_opened,email,157,2026-04-24T21:00:00Z
chaima.guesmi145@prospects.tn,email_opened,email,74,2026-04-17T01:00:00Z
chaima.guesmi145@prospects.tn,email_opened,email,72,2026-03-13T05:00:00Z
chaima.guesmi145@prospects.tn,website_visit,web,294,2026-02-16T09:00:00Z
chaima.guesmi145@prospects.tn,website_visit,web,282,2026-03-06T22:00:00Z
chaima.guesmi145@prospects.tn,website_visit,web,399,2026-04-29T08:00:00Z
chaima.guesmi145@prospects.tn,website_visit,web,147,2026-02-15T14:00:00Z
chaima.guesmi145@prospects.tn,website_visit,web,295,2026-05-03T00:00:00Z
chaima.guesmi145@prospects.tn,website_visit,web,262,2026-02-17T12:00:00Z
takwa.ghali146@prospects.tn,email_opened,email,70,2026-04-02T00:00:00Z
takwa.ghali146@prospects.tn,email_opened,email,148,2026-03-01T01:00:00Z
takwa.ghali146@prospects.tn,website_visit,web,249,2026-03-15T16:00:00Z
takwa.ghali146@prospects.tn,website_visit,web,302,2026-03-19T10:00:00Z
skander.limam147@prospects.tn,form_submit,web,344,2026-06-04T00:00:00Z
skander.limam147@prospects.tn,website_visit,web,500,2026-05-31T10:00:00Z
skander.limam147@prospects.tn,website_visit,web,158,2026-06-02T21:00:00Z
skander.limam147@prospects.tn,website_visit,web,130,2026-05-31T02:00:00Z
fares.elloumi148@prospects.tn,email_opened,email,158,2026-05-22T00:00:00Z
fares.elloumi148@prospects.tn,website_visit,web,365,2026-05-17T04:00:00Z
fares.elloumi148@prospects.tn,website_visit,web,424,2026-05-18T22:00:00Z
aymen.ferchichi149@prospects.tn,email_opened,email,125,2026-02-28T00:00:00Z
aymen.ferchichi149@prospects.tn,email_opened,email,125,2026-02-26T23:00:00Z
aymen.ferchichi149@prospects.tn,website_visit,web,170,2026-01-11T04:00:00Z
aymen.ferchichi149@prospects.tn,website_visit,web,241,2025-12-31T03:00:00Z
aymen.ferchichi149@prospects.tn,website_visit,web,396,2025-12-23T05:00:00Z
bilel.rekik150@prospects.tn,meeting,physical,2487,2026-05-17T00:00:00Z
bilel.rekik150@prospects.tn,meeting,physical,2912,2026-02-26T05:00:00Z
bilel.rekik150@prospects.tn,meeting,physical,2840,2026-04-15T19:00:00Z
bilel.rekik150@prospects.tn,form_submit,web,130,2026-04-21T22:00:00Z
bilel.rekik150@prospects.tn,form_submit,web,143,2026-03-31T14:00:00Z
bilel.rekik150@prospects.tn,form_submit,web,158,2026-03-21T13:00:00Z
bilel.rekik150@prospects.tn,email_opened,email,77,2026-04-10T01:00:00Z
bilel.rekik150@prospects.tn,email_opened,email,28,2026-05-06T23:00:00Z
bilel.rekik150@prospects.tn,email_opened,email,124,2026-04-07T23:00:00Z
bilel.rekik150@prospects.tn,email_opened,email,23,2026-03-30T12:00:00Z
bilel.rekik150@prospects.tn,email_opened,email,89,2026-05-07T23:00:00Z
bilel.rekik150@prospects.tn,website_visit,web,226,2026-05-02T19:00:00Z
bilel.rekik150@prospects.tn,website_visit,web,128,2026-04-27T16:00:00Z
bilel.rekik150@prospects.tn,website_visit,web,395,2026-05-11T22:00:00Z
bilel.rekik150@prospects.tn,website_visit,web,358,2026-02-22T16:00:00Z
bilel.rekik150@prospects.tn,website_visit,web,118,2026-03-03T14:00:00Z
bilel.rekik150@prospects.tn,website_visit,web,402,2026-04-17T01:00:00Z
bilel.rekik150@prospects.tn,website_visit,web,119,2026-03-21T16:00:00Z
donia.limam151@prospects.tn,meeting,physical,3411,2026-06-03T00:00:00Z
donia.limam151@prospects.tn,form_submit,web,87,2026-04-11T04:00:00Z
donia.limam151@prospects.tn,form_submit,web,324,2026-03-23T13:00:00Z
donia.limam151@prospects.tn,form_submit,web,132,2026-03-14T14:00:00Z
donia.limam151@prospects.tn,form_submit,web,297,2026-02-04T05:00:00Z
donia.limam151@prospects.tn,email_opened,email,185,2026-03-31T18:00:00Z
donia.limam151@prospects.tn,email_opened,email,135,2026-05-26T22:00:00Z
donia.limam151@prospects.tn,email_opened,email,43,2026-05-26T06:00:00Z
donia.limam151@prospects.tn,website_visit,web,384,2026-05-24T14:00:00Z
donia.limam151@prospects.tn,website_visit,web,271,2026-02-12T08:00:00Z
donia.limam151@prospects.tn,website_visit,web,72,2026-03-14T22:00:00Z
donia.limam151@prospects.tn,website_visit,web,107,2026-04-25T22:00:00Z
donia.limam151@prospects.tn,website_visit,web,413,2026-05-13T05:00:00Z
donia.limam151@prospects.tn,website_visit,web,314,2026-05-03T23:00:00Z
donia.limam151@prospects.tn,website_visit,web,495,2026-02-16T02:00:00Z
donia.limam151@prospects.tn,website_visit,web,472,2026-02-15T22:00:00Z
donia.limam151@prospects.tn,website_visit,web,371,2026-03-30T20:00:00Z
chaima.mejri152@prospects.tn,form_submit,web,134,2026-05-24T00:00:00Z
chaima.mejri152@prospects.tn,email_opened,email,65,2026-05-21T09:00:00Z
chaima.mejri152@prospects.tn,email_opened,email,33,2026-05-24T14:00:00Z
chaima.mejri152@prospects.tn,website_visit,web,229,2026-05-21T20:00:00Z
lina.chaabane153@prospects.tn,email_opened,email,188,2026-05-31T00:00:00Z
lina.chaabane153@prospects.tn,email_opened,email,141,2026-03-05T01:00:00Z
lina.chaabane153@prospects.tn,email_opened,email,136,2026-02-27T04:00:00Z
lina.chaabane153@prospects.tn,email_opened,email,124,2026-01-25T20:00:00Z
lina.chaabane153@prospects.tn,email_opened,email,133,2026-04-10T01:00:00Z
lina.chaabane153@prospects.tn,email_opened,email,40,2026-02-17T01:00:00Z
lina.chaabane153@prospects.tn,website_visit,web,322,2026-03-28T10:00:00Z
lina.chaabane153@prospects.tn,website_visit,web,322,2026-02-02T01:00:00Z
lina.chaabane153@prospects.tn,website_visit,web,18,2026-02-07T13:00:00Z
lina.chaabane153@prospects.tn,website_visit,web,140,2026-02-25T05:00:00Z
lina.chaabane153@prospects.tn,website_visit,web,466,2026-03-24T19:00:00Z
lina.chaabane153@prospects.tn,website_visit,web,295,2026-02-25T14:00:00Z
lina.chaabane153@prospects.tn,website_visit,web,157,2026-04-13T01:00:00Z
firas.tlili154@prospects.tn,meeting,physical,3048,2026-05-23T00:00:00Z
firas.tlili154@prospects.tn,meeting,physical,1759,2026-05-08T02:00:00Z
firas.tlili154@prospects.tn,form_submit,web,167,2026-05-05T23:00:00Z
firas.tlili154@prospects.tn,form_submit,web,373,2026-05-19T19:00:00Z
firas.tlili154@prospects.tn,email_opened,email,34,2026-05-20T09:00:00Z
firas.tlili154@prospects.tn,email_opened,email,47,2026-05-02T19:00:00Z
firas.tlili154@prospects.tn,email_opened,email,166,2026-04-25T08:00:00Z
firas.tlili154@prospects.tn,website_visit,web,388,2026-05-08T18:00:00Z
firas.tlili154@prospects.tn,website_visit,web,337,2026-05-14T11:00:00Z
ines.hachicha155@prospects.tn,meeting,physical,3420,2026-05-18T00:00:00Z
ines.hachicha155@prospects.tn,email_opened,email,126,2026-04-10T00:00:00Z
ines.hachicha155@prospects.tn,email_opened,email,125,2026-04-08T22:00:00Z
ines.hachicha155@prospects.tn,email_opened,email,31,2026-04-19T08:00:00Z
ines.hachicha155@prospects.tn,website_visit,web,185,2026-03-22T09:00:00Z
ines.hachicha155@prospects.tn,website_visit,web,194,2026-04-21T16:00:00Z
ines.hachicha155@prospects.tn,website_visit,web,301,2026-04-24T00:00:00Z
hatem.zouari156@prospects.tn,email_opened,email,143,2026-05-22T00:00:00Z
hatem.zouari156@prospects.tn,email_opened,email,59,2026-05-07T10:00:00Z
hatem.zouari156@prospects.tn,email_opened,email,180,2026-05-02T13:00:00Z
hatem.zouari156@prospects.tn,website_visit,web,250,2026-05-20T01:00:00Z
hatem.zouari156@prospects.tn,website_visit,web,471,2026-05-06T09:00:00Z
mariem.yahyaoui157@prospects.tn,meeting,physical,1579,2026-05-17T00:00:00Z
mariem.yahyaoui157@prospects.tn,meeting,physical,3238,2026-04-27T02:00:00Z
mariem.yahyaoui157@prospects.tn,meeting,physical,3380,2026-05-08T07:00:00Z
mariem.yahyaoui157@prospects.tn,meeting,physical,2495,2026-04-22T14:00:00Z
mariem.yahyaoui157@prospects.tn,form_submit,web,155,2026-04-13T06:00:00Z
mariem.yahyaoui157@prospects.tn,email_opened,email,172,2026-05-12T09:00:00Z
mariem.yahyaoui157@prospects.tn,email_opened,email,49,2026-03-28T03:00:00Z
mariem.yahyaoui157@prospects.tn,email_opened,email,98,2026-04-22T01:00:00Z
mariem.yahyaoui157@prospects.tn,email_opened,email,200,2026-03-31T02:00:00Z
mariem.yahyaoui157@prospects.tn,website_visit,web,454,2026-05-01T16:00:00Z
mariem.yahyaoui157@prospects.tn,website_visit,web,176,2026-03-09T15:00:00Z
mariem.yahyaoui157@prospects.tn,website_visit,web,378,2026-05-09T04:00:00Z
mariem.yahyaoui157@prospects.tn,website_visit,web,31,2026-03-30T10:00:00Z
mariem.yahyaoui157@prospects.tn,website_visit,web,154,2026-05-06T23:00:00Z
aymen.tlili158@prospects.tn,website_visit,web,17,2026-06-02T00:00:00Z
aymen.tlili158@prospects.tn,website_visit,web,174,2026-05-25T21:00:00Z
aymen.tlili158@prospects.tn,website_visit,web,492,2026-05-26T10:00:00Z
nidhal.khelifi159@prospects.tn,meeting,physical,1381,2026-05-18T00:00:00Z
nidhal.khelifi159@prospects.tn,meeting,physical,2016,2026-05-14T17:00:00Z
nidhal.khelifi159@prospects.tn,form_submit,web,136,2026-05-13T08:00:00Z
nidhal.khelifi159@prospects.tn,form_submit,web,140,2026-05-07T22:00:00Z
nidhal.khelifi159@prospects.tn,email_opened,email,90,2026-05-12T18:00:00Z
nidhal.khelifi159@prospects.tn,email_opened,email,49,2026-05-10T05:00:00Z
nidhal.khelifi159@prospects.tn,website_visit,web,22,2026-05-05T09:00:00Z
nidhal.khelifi159@prospects.tn,website_visit,web,333,2026-05-13T17:00:00Z
nidhal.khelifi159@prospects.tn,website_visit,web,301,2026-05-17T01:00:00Z
nidhal.khelifi159@prospects.tn,website_visit,web,278,2026-05-07T00:00:00Z
nidhal.khelifi159@prospects.tn,website_visit,web,67,2026-05-18T21:00:00Z
nidhal.khelifi159@prospects.tn,website_visit,web,120,2026-05-04T03:00:00Z
nidhal.khelifi159@prospects.tn,website_visit,web,292,2026-05-15T01:00:00Z
firas.riahi160@prospects.tn,form_submit,web,298,2026-06-02T00:00:00Z
firas.riahi160@prospects.tn,website_visit,web,305,2026-05-24T22:00:00Z
firas.riahi160@prospects.tn,website_visit,web,82,2026-05-30T03:00:00Z
nidhal.tlili161@prospects.tn,meeting,physical,1023,2026-05-21T00:00:00Z
nidhal.tlili161@prospects.tn,meeting,physical,1167,2026-03-31T22:00:00Z
nidhal.tlili161@prospects.tn,form_submit,web,303,2026-05-20T03:00:00Z
nidhal.tlili161@prospects.tn,email_opened,email,48,2026-03-21T17:00:00Z
nidhal.tlili161@prospects.tn,email_opened,email,109,2026-05-02T02:00:00Z
nidhal.tlili161@prospects.tn,email_opened,email,142,2026-05-20T09:00:00Z
nidhal.tlili161@prospects.tn,email_opened,email,138,2026-04-17T14:00:00Z
nidhal.tlili161@prospects.tn,email_opened,email,63,2026-03-31T18:00:00Z
nidhal.tlili161@prospects.tn,email_opened,email,92,2026-04-01T07:00:00Z
nidhal.tlili161@prospects.tn,email_opened,email,109,2026-04-28T07:00:00Z
nidhal.tlili161@prospects.tn,website_visit,web,324,2026-04-19T05:00:00Z
nidhal.tlili161@prospects.tn,website_visit,web,309,2026-04-10T12:00:00Z
nidhal.tlili161@prospects.tn,website_visit,web,80,2026-02-16T10:00:00Z
nidhal.tlili161@prospects.tn,website_visit,web,275,2026-03-06T22:00:00Z
nidhal.tlili161@prospects.tn,website_visit,web,67,2026-04-24T13:00:00Z
khalil.hachicha162@prospects.tn,form_submit,web,287,2025-12-31T00:00:00Z
khalil.hachicha162@prospects.tn,email_opened,email,65,2025-12-30T19:00:00Z
khalil.hachicha162@prospects.tn,email_opened,email,98,2025-12-30T21:00:00Z
khalil.hachicha162@prospects.tn,website_visit,web,222,2025-12-31T10:00:00Z
skander.cherif163@prospects.tn,meeting,physical,1701,2026-03-05T00:00:00Z
skander.cherif163@prospects.tn,email_opened,email,72,2026-03-05T09:00:00Z
skander.cherif163@prospects.tn,website_visit,web,363,2026-03-05T13:00:00Z
skander.cherif163@prospects.tn,website_visit,web,464,2026-03-05T02:00:00Z
seif.jaziri164@prospects.tn,form_submit,web,75,2025-11-27T00:00:00Z
seif.jaziri164@prospects.tn,email_opened,email,80,2025-11-16T20:00:00Z
seif.jaziri164@prospects.tn,email_opened,email,130,2025-11-11T22:00:00Z
seif.jaziri164@prospects.tn,website_visit,web,374,2025-11-15T12:00:00Z
fares.riahi165@prospects.tn,email_opened,email,22,2026-05-28T00:00:00Z
fares.riahi165@prospects.tn,email_opened,email,38,2026-05-02T04:00:00Z
fares.riahi165@prospects.tn,email_opened,email,185,2026-03-18T04:00:00Z
fares.riahi165@prospects.tn,website_visit,web,23,2026-04-30T14:00:00Z
fares.riahi165@prospects.tn,website_visit,web,88,2026-05-24T13:00:00Z
fares.riahi165@prospects.tn,website_visit,web,384,2026-05-26T05:00:00Z
fares.riahi165@prospects.tn,website_visit,web,468,2026-05-05T16:00:00Z
fares.riahi165@prospects.tn,website_visit,web,264,2026-05-01T17:00:00Z
maha.hamdi166@prospects.tn,form_submit,web,350,2026-02-08T00:00:00Z
maha.hamdi166@prospects.tn,email_opened,email,143,2026-01-03T18:00:00Z
maha.hamdi166@prospects.tn,website_visit,web,375,2026-01-26T22:00:00Z
maha.hamdi166@prospects.tn,website_visit,web,203,2026-01-01T04:00:00Z
aymen.rekik167@prospects.tn,form_submit,web,373,2026-05-18T00:00:00Z
aymen.rekik167@prospects.tn,email_opened,email,33,2026-05-14T15:00:00Z
aymen.rekik167@prospects.tn,email_opened,email,107,2026-04-23T23:00:00Z
aymen.rekik167@prospects.tn,email_opened,email,156,2026-04-08T13:00:00Z
aymen.rekik167@prospects.tn,website_visit,web,413,2026-04-09T09:00:00Z
aymen.rekik167@prospects.tn,website_visit,web,20,2026-04-05T05:00:00Z
aymen.rekik167@prospects.tn,website_visit,web,255,2026-03-20T22:00:00Z
aymen.rekik167@prospects.tn,website_visit,web,247,2026-05-16T19:00:00Z
aymen.rekik167@prospects.tn,website_visit,web,277,2026-05-04T09:00:00Z
mariem.oueslati168@prospects.tn,form_submit,web,375,2026-03-13T00:00:00Z
mariem.oueslati168@prospects.tn,website_visit,web,158,2026-03-13T00:00:00Z
mariem.oueslati168@prospects.tn,website_visit,web,155,2026-03-12T19:00:00Z
lina.issaoui169@prospects.tn,form_submit,web,138,2026-05-30T00:00:00Z
lina.issaoui169@prospects.tn,form_submit,web,313,2026-05-14T20:00:00Z
lina.issaoui169@prospects.tn,email_opened,email,125,2026-03-04T06:00:00Z
lina.issaoui169@prospects.tn,website_visit,web,409,2026-04-25T23:00:00Z
lina.issaoui169@prospects.tn,website_visit,web,211,2026-05-29T11:00:00Z
lina.issaoui169@prospects.tn,website_visit,web,136,2026-02-17T20:00:00Z
lina.issaoui169@prospects.tn,website_visit,web,353,2026-03-16T03:00:00Z
lina.issaoui169@prospects.tn,website_visit,web,240,2026-02-17T05:00:00Z
nidhal.limam170@prospects.tn,meeting,physical,2738,2026-05-26T00:00:00Z
nidhal.limam170@prospects.tn,meeting,physical,2464,2026-04-10T03:00:00Z
nidhal.limam170@prospects.tn,meeting,physical,2193,2026-04-08T20:00:00Z
nidhal.limam170@prospects.tn,meeting,physical,3071,2026-05-20T12:00:00Z
nidhal.limam170@prospects.tn,form_submit,web,81,2026-05-05T21:00:00Z
nidhal.limam170@prospects.tn,form_submit,web,109,2026-04-06T23:00:00Z
nidhal.limam170@prospects.tn,form_submit,web,332,2026-05-21T06:00:00Z
nidhal.limam170@prospects.tn,email_opened,email,183,2026-05-12T10:00:00Z
nidhal.limam170@prospects.tn,email_opened,email,110,2026-03-30T10:00:00Z
nidhal.limam170@prospects.tn,email_opened,email,130,2026-05-16T00:00:00Z
nidhal.limam170@prospects.tn,email_opened,email,176,2026-03-08T02:00:00Z
nidhal.limam170@prospects.tn,email_opened,email,186,2026-03-08T13:00:00Z
nidhal.limam170@prospects.tn,website_visit,web,454,2026-03-19T16:00:00Z
nidhal.limam170@prospects.tn,website_visit,web,154,2026-03-20T21:00:00Z
nidhal.limam170@prospects.tn,website_visit,web,186,2026-05-03T11:00:00Z
nidhal.limam170@prospects.tn,website_visit,web,153,2026-04-04T23:00:00Z
wassim.oueslati171@prospects.tn,meeting,physical,1432,2026-06-02T00:00:00Z
wassim.oueslati171@prospects.tn,form_submit,web,252,2026-06-01T14:00:00Z
wassim.oueslati171@prospects.tn,form_submit,web,396,2026-05-09T13:00:00Z
wassim.oueslati171@prospects.tn,form_submit,web,391,2026-05-12T08:00:00Z
wassim.oueslati171@prospects.tn,form_submit,web,349,2026-05-02T02:00:00Z
wassim.oueslati171@prospects.tn,email_opened,email,67,2026-05-09T01:00:00Z
wassim.oueslati171@prospects.tn,email_opened,email,48,2026-05-16T12:00:00Z
wassim.oueslati171@prospects.tn,email_opened,email,198,2026-05-13T01:00:00Z
wassim.oueslati171@prospects.tn,email_opened,email,67,2026-05-08T08:00:00Z
wassim.oueslati171@prospects.tn,website_visit,web,144,2026-05-03T14:00:00Z
wassim.oueslati171@prospects.tn,website_visit,web,165,2026-04-26T15:00:00Z
wassim.oueslati171@prospects.tn,website_visit,web,254,2026-05-04T19:00:00Z
wassim.oueslati171@prospects.tn,website_visit,web,353,2026-05-17T05:00:00Z
wassim.oueslati171@prospects.tn,website_visit,web,494,2026-06-02T15:00:00Z
wassim.oueslati171@prospects.tn,website_visit,web,53,2026-04-28T04:00:00Z
donia.riahi172@prospects.tn,meeting,physical,3574,2026-05-15T00:00:00Z
donia.riahi172@prospects.tn,form_submit,web,387,2026-05-05T22:00:00Z
donia.riahi172@prospects.tn,form_submit,web,60,2026-05-13T15:00:00Z
donia.riahi172@prospects.tn,email_opened,email,29,2026-05-04T13:00:00Z
donia.riahi172@prospects.tn,email_opened,email,190,2026-05-01T23:00:00Z
donia.riahi172@prospects.tn,email_opened,email,119,2026-05-13T02:00:00Z
donia.riahi172@prospects.tn,email_opened,email,88,2026-05-06T07:00:00Z
donia.riahi172@prospects.tn,email_opened,email,58,2026-04-19T12:00:00Z
donia.riahi172@prospects.tn,website_visit,web,373,2026-05-11T15:00:00Z
donia.riahi172@prospects.tn,website_visit,web,183,2026-04-22T18:00:00Z
donia.riahi172@prospects.tn,website_visit,web,478,2026-05-06T11:00:00Z
donia.riahi172@prospects.tn,website_visit,web,215,2026-04-29T21:00:00Z
donia.riahi172@prospects.tn,website_visit,web,309,2026-04-28T12:00:00Z
donia.riahi172@prospects.tn,website_visit,web,16,2026-04-20T20:00:00Z
firas.ghali173@prospects.tn,meeting,physical,1337,2026-05-07T00:00:00Z
firas.ghali173@prospects.tn,meeting,physical,3483,2026-05-04T20:00:00Z
firas.ghali173@prospects.tn,website_visit,web,367,2026-04-06T23:00:00Z
firas.ghali173@prospects.tn,website_visit,web,198,2026-03-21T04:00:00Z
firas.ghali173@prospects.tn,website_visit,web,264,2026-03-11T06:00:00Z
firas.ghali173@prospects.tn,website_visit,web,58,2026-03-10T23:00:00Z
seif.naffati174@prospects.tn,email_opened,email,123,2026-05-29T00:00:00Z
seif.naffati174@prospects.tn,email_opened,email,50,2026-05-28T14:00:00Z
seif.naffati174@prospects.tn,email_opened,email,74,2026-05-28T04:00:00Z
seif.naffati174@prospects.tn,email_opened,email,187,2026-05-29T07:00:00Z
seif.naffati174@prospects.tn,website_visit,web,356,2026-05-21T01:00:00Z
jihen.chaouch175@prospects.tn,form_submit,web,147,2026-06-05T00:00:00Z
jihen.chaouch175@prospects.tn,email_opened,email,171,2026-06-04T15:00:00Z
jihen.chaouch175@prospects.tn,email_opened,email,36,2026-06-04T02:00:00Z
jihen.chaouch175@prospects.tn,email_opened,email,47,2026-06-04T13:00:00Z
amani.limam176@prospects.tn,meeting,physical,2600,2026-06-03T00:00:00Z
amani.limam176@prospects.tn,website_visit,web,101,2026-06-01T07:00:00Z
amani.limam176@prospects.tn,website_visit,web,371,2026-06-03T01:00:00Z
amani.limam176@prospects.tn,website_visit,web,204,2026-05-27T03:00:00Z
amani.limam176@prospects.tn,website_visit,web,298,2026-06-03T12:00:00Z
amani.limam176@prospects.tn,website_visit,web,99,2026-05-27T00:00:00Z
skander.mejri177@prospects.tn,website_visit,web,282,2026-04-05T00:00:00Z
skander.mejri177@prospects.tn,website_visit,web,245,2026-03-29T05:00:00Z
skander.mejri177@prospects.tn,website_visit,web,225,2026-04-04T22:00:00Z
chedi.jelassi178@prospects.tn,email_opened,email,138,2026-03-15T00:00:00Z
chedi.jelassi178@prospects.tn,website_visit,web,409,2026-02-08T21:00:00Z
nour.rekik179@prospects.tn,form_submit,web,282,2026-05-28T00:00:00Z
nour.rekik179@prospects.tn,email_opened,email,84,2026-05-27T05:00:00Z
nour.rekik179@prospects.tn,email_opened,email,105,2026-05-15T00:00:00Z
nour.rekik179@prospects.tn,email_opened,email,177,2026-05-25T16:00:00Z
nour.rekik179@prospects.tn,email_opened,email,136,2026-05-13T02:00:00Z
nour.rekik179@prospects.tn,email_opened,email,31,2026-05-17T23:00:00Z
nour.rekik179@prospects.tn,email_opened,email,46,2026-05-24T18:00:00Z
nour.rekik179@prospects.tn,website_visit,web,394,2026-05-28T10:00:00Z
nour.rekik179@prospects.tn,website_visit,web,41,2026-05-23T06:00:00Z
nour.rekik179@prospects.tn,website_visit,web,488,2026-05-20T07:00:00Z
hatem.yahyaoui180@prospects.tn,email_opened,email,119,2026-03-12T00:00:00Z
hatem.yahyaoui180@prospects.tn,website_visit,web,206,2026-02-05T14:00:00Z
marwen.dridi181@prospects.tn,website_visit,web,419,2026-02-14T00:00:00Z
walid.haddad182@prospects.tn,form_submit,web,186,2026-05-18T00:00:00Z
walid.haddad182@prospects.tn,email_opened,email,83,2026-03-13T18:00:00Z
walid.haddad182@prospects.tn,email_opened,email,103,2026-02-22T13:00:00Z
walid.haddad182@prospects.tn,email_opened,email,131,2026-02-27T01:00:00Z
walid.haddad182@prospects.tn,email_opened,email,168,2026-04-23T23:00:00Z
walid.haddad182@prospects.tn,email_opened,email,76,2026-04-27T01:00:00Z
walid.haddad182@prospects.tn,website_visit,web,471,2026-04-17T16:00:00Z
walid.haddad182@prospects.tn,website_visit,web,489,2026-04-13T15:00:00Z
walid.haddad182@prospects.tn,website_visit,web,317,2026-03-06T14:00:00Z
walid.haddad182@prospects.tn,website_visit,web,499,2026-04-26T07:00:00Z
firas.gabsi183@prospects.tn,email_opened,email,169,2026-06-05T00:00:00Z
firas.gabsi183@prospects.tn,email_opened,email,26,2026-06-05T04:00:00Z
firas.gabsi183@prospects.tn,email_opened,email,136,2026-06-05T05:00:00Z
chaima.ayari184@prospects.tn,meeting,physical,1231,2026-06-04T00:00:00Z
chaima.ayari184@prospects.tn,meeting,physical,3441,2026-02-10T11:00:00Z
chaima.ayari184@prospects.tn,form_submit,web,231,2026-03-23T05:00:00Z
chaima.ayari184@prospects.tn,form_submit,web,88,2026-04-28T17:00:00Z
chaima.ayari184@prospects.tn,form_submit,web,323,2026-05-06T02:00:00Z
chaima.ayari184@prospects.tn,form_submit,web,246,2026-04-17T22:00:00Z
chaima.ayari184@prospects.tn,email_opened,email,33,2026-05-15T06:00:00Z
chaima.ayari184@prospects.tn,email_opened,email,48,2026-02-22T10:00:00Z
chaima.ayari184@prospects.tn,email_opened,email,118,2026-03-07T17:00:00Z
chaima.ayari184@prospects.tn,website_visit,web,202,2026-02-19T20:00:00Z
chaima.ayari184@prospects.tn,website_visit,web,253,2026-04-07T23:00:00Z
chaima.ayari184@prospects.tn,website_visit,web,331,2026-05-12T18:00:00Z
nour.mabrouk185@prospects.tn,meeting,physical,2097,2026-05-23T00:00:00Z
nour.mabrouk185@prospects.tn,meeting,physical,2751,2026-05-19T02:00:00Z
nour.mabrouk185@prospects.tn,form_submit,web,377,2026-04-17T14:00:00Z
nour.mabrouk185@prospects.tn,email_opened,email,114,2026-04-10T02:00:00Z
nour.mabrouk185@prospects.tn,website_visit,web,424,2026-04-30T05:00:00Z
nour.mabrouk185@prospects.tn,website_visit,web,359,2026-04-23T02:00:00Z
nour.mabrouk185@prospects.tn,website_visit,web,499,2026-04-11T05:00:00Z
takwa.chaabane186@prospects.tn,meeting,physical,3540,2026-05-31T00:00:00Z
takwa.chaabane186@prospects.tn,meeting,physical,987,2026-04-29T10:00:00Z
takwa.chaabane186@prospects.tn,meeting,physical,2094,2026-04-09T18:00:00Z
takwa.chaabane186@prospects.tn,meeting,physical,1674,2026-05-02T22:00:00Z
takwa.chaabane186@prospects.tn,meeting,physical,1157,2026-04-14T17:00:00Z
takwa.chaabane186@prospects.tn,email_opened,email,25,2026-04-03T14:00:00Z
takwa.chaabane186@prospects.tn,email_opened,email,79,2026-03-16T18:00:00Z
takwa.chaabane186@prospects.tn,email_opened,email,153,2026-02-22T09:00:00Z
takwa.chaabane186@prospects.tn,email_opened,email,185,2026-02-27T08:00:00Z
takwa.chaabane186@prospects.tn,email_opened,email,105,2026-03-07T15:00:00Z
takwa.chaabane186@prospects.tn,email_opened,email,125,2026-03-25T09:00:00Z
takwa.chaabane186@prospects.tn,email_opened,email,168,2026-05-15T01:00:00Z
takwa.chaabane186@prospects.tn,website_visit,web,190,2026-02-24T11:00:00Z
takwa.chaabane186@prospects.tn,website_visit,web,350,2026-03-14T14:00:00Z
karim.haddad187@prospects.tn,email_opened,email,86,2026-05-31T00:00:00Z
chaima.jelassi188@prospects.tn,form_submit,web,134,2026-05-17T00:00:00Z
chaima.jelassi188@prospects.tn,email_opened,email,137,2026-05-14T18:00:00Z
chaima.jelassi188@prospects.tn,email_opened,email,101,2026-05-11T04:00:00Z
chaima.jelassi188@prospects.tn,email_opened,email,59,2026-05-15T18:00:00Z
chaima.jelassi188@prospects.tn,email_opened,email,21,2026-05-13T14:00:00Z
chaima.jelassi188@prospects.tn,email_opened,email,159,2026-04-30T22:00:00Z
chaima.jelassi188@prospects.tn,email_opened,email,149,2026-04-23T23:00:00Z
chaima.jelassi188@prospects.tn,website_visit,web,184,2026-05-05T01:00:00Z
chaima.jelassi188@prospects.tn,website_visit,web,346,2026-04-24T21:00:00Z
chaima.jelassi188@prospects.tn,website_visit,web,376,2026-05-07T03:00:00Z
chaima.jelassi188@prospects.tn,website_visit,web,166,2026-04-29T00:00:00Z
chaima.jelassi188@prospects.tn,website_visit,web,257,2026-05-02T19:00:00Z
chaima.jelassi188@prospects.tn,website_visit,web,473,2026-05-16T07:00:00Z
chaima.jelassi188@prospects.tn,website_visit,web,163,2026-05-04T11:00:00Z
chaima.jelassi188@prospects.tn,website_visit,web,498,2026-04-22T10:00:00Z
dorra.karoui189@prospects.tn,email_opened,email,101,2025-11-23T00:00:00Z
dorra.karoui189@prospects.tn,website_visit,web,323,2025-11-14T01:00:00Z
dorra.karoui189@prospects.tn,website_visit,web,324,2025-11-19T11:00:00Z
hela.guesmi190@prospects.tn,email_opened,email,93,2026-01-02T00:00:00Z
karim.riahi191@prospects.tn,email_opened,email,21,2026-06-02T00:00:00Z
iheb.rekik192@prospects.tn,email_opened,email,97,2026-02-21T00:00:00Z
iheb.rekik192@prospects.tn,website_visit,web,267,2026-02-20T23:00:00Z
nidhal.mabrouk193@prospects.tn,meeting,physical,2035,2026-06-04T00:00:00Z
nidhal.mabrouk193@prospects.tn,meeting,physical,2919,2026-05-19T20:00:00Z
nidhal.mabrouk193@prospects.tn,meeting,physical,1173,2026-06-02T22:00:00Z
nidhal.mabrouk193@prospects.tn,form_submit,web,366,2026-05-10T11:00:00Z
nidhal.mabrouk193@prospects.tn,email_opened,email,112,2026-06-04T23:00:00Z
nidhal.mabrouk193@prospects.tn,email_opened,email,168,2026-05-04T08:00:00Z
nidhal.mabrouk193@prospects.tn,email_opened,email,143,2026-05-13T18:00:00Z
nidhal.mabrouk193@prospects.tn,email_opened,email,164,2026-05-06T04:00:00Z
nidhal.mabrouk193@prospects.tn,website_visit,web,238,2026-05-23T14:00:00Z
nidhal.mabrouk193@prospects.tn,website_visit,web,459,2026-05-11T11:00:00Z
karim.cherif194@prospects.tn,website_visit,web,400,2026-05-30T00:00:00Z
karim.feki195@prospects.tn,meeting,physical,2427,2026-05-25T00:00:00Z
karim.feki195@prospects.tn,meeting,physical,2886,2026-05-13T03:00:00Z
karim.feki195@prospects.tn,meeting,physical,2587,2026-04-21T14:00:00Z
karim.feki195@prospects.tn,meeting,physical,2293,2026-05-23T02:00:00Z
karim.feki195@prospects.tn,meeting,physical,1567,2026-04-02T04:00:00Z
karim.feki195@prospects.tn,meeting,physical,1319,2026-05-24T00:00:00Z
karim.feki195@prospects.tn,form_submit,web,171,2026-04-25T11:00:00Z
karim.feki195@prospects.tn,form_submit,web,139,2026-04-14T22:00:00Z
karim.feki195@prospects.tn,form_submit,web,317,2026-04-18T04:00:00Z
karim.feki195@prospects.tn,email_opened,email,76,2026-05-17T14:00:00Z
karim.feki195@prospects.tn,email_opened,email,68,2026-05-21T19:00:00Z
karim.feki195@prospects.tn,email_opened,email,163,2026-04-28T10:00:00Z
karim.feki195@prospects.tn,email_opened,email,177,2026-04-06T22:00:00Z
karim.feki195@prospects.tn,email_opened,email,196,2026-04-14T00:00:00Z
karim.feki195@prospects.tn,email_opened,email,154,2026-05-12T03:00:00Z
karim.feki195@prospects.tn,email_opened,email,156,2026-04-09T04:00:00Z
karim.feki195@prospects.tn,website_visit,web,379,2026-05-19T22:00:00Z
karim.feki195@prospects.tn,website_visit,web,297,2026-04-04T22:00:00Z
karim.feki195@prospects.tn,website_visit,web,374,2026-04-09T09:00:00Z
ines.larbi196@prospects.tn,form_submit,web,300,2026-03-17T00:00:00Z
ines.larbi196@prospects.tn,website_visit,web,75,2026-03-02T01:00:00Z
emna.tlili197@prospects.tn,meeting,physical,2324,2026-06-03T00:00:00Z
emna.tlili197@prospects.tn,meeting,physical,2342,2026-02-28T03:00:00Z
emna.tlili197@prospects.tn,form_submit,web,142,2026-05-05T00:00:00Z
emna.tlili197@prospects.tn,form_submit,web,316,2026-04-28T06:00:00Z
emna.tlili197@prospects.tn,email_opened,email,176,2026-05-22T06:00:00Z
emna.tlili197@prospects.tn,email_opened,email,81,2026-03-28T05:00:00Z
emna.tlili197@prospects.tn,email_opened,email,149,2026-05-27T17:00:00Z
emna.tlili197@prospects.tn,website_visit,web,306,2026-02-20T23:00:00Z
ghada.larbi198@prospects.tn,meeting,physical,2569,2026-05-07T00:00:00Z
ghada.larbi198@prospects.tn,meeting,physical,1362,2026-04-17T23:00:00Z
ghada.larbi198@prospects.tn,form_submit,web,220,2026-03-15T02:00:00Z
ghada.larbi198@prospects.tn,form_submit,web,123,2026-04-02T15:00:00Z
ghada.larbi198@prospects.tn,form_submit,web,298,2026-03-20T12:00:00Z
ghada.larbi198@prospects.tn,email_opened,email,48,2026-03-31T14:00:00Z
ghada.larbi198@prospects.tn,email_opened,email,153,2026-04-20T23:00:00Z
ghada.larbi198@prospects.tn,email_opened,email,54,2026-04-01T21:00:00Z
ghada.larbi198@prospects.tn,website_visit,web,268,2026-05-05T14:00:00Z
ghada.larbi198@prospects.tn,website_visit,web,405,2026-03-27T17:00:00Z
ghada.larbi198@prospects.tn,website_visit,web,199,2026-04-08T09:00:00Z
ghada.larbi198@prospects.tn,website_visit,web,375,2026-05-06T13:00:00Z
ghada.larbi198@prospects.tn,website_visit,web,162,2026-03-25T02:00:00Z
rim.ghali199@prospects.tn,meeting,physical,1165,2026-06-04T00:00:00Z
rim.ghali199@prospects.tn,form_submit,web,246,2026-06-03T12:00:00Z
rim.ghali199@prospects.tn,email_opened,email,70,2026-05-30T07:00:00Z
rim.ghali199@prospects.tn,website_visit,web,188,2026-06-02T23:00:00Z
rim.ghali199@prospects.tn,website_visit,web,117,2026-06-02T08:00:00Z
seif.issaoui200@prospects.tn,meeting,physical,1451,2026-05-23T00:00:00Z
seif.issaoui200@prospects.tn,meeting,physical,1021,2026-05-14T16:00:00Z
seif.issaoui200@prospects.tn,meeting,physical,1307,2026-05-21T15:00:00Z
seif.issaoui200@prospects.tn,meeting,physical,1116,2026-05-22T14:00:00Z
seif.issaoui200@prospects.tn,meeting,physical,1179,2026-04-14T09:00:00Z
seif.issaoui200@prospects.tn,meeting,physical,2940,2026-05-14T15:00:00Z
seif.issaoui200@prospects.tn,form_submit,web,73,2026-05-03T16:00:00Z
seif.issaoui200@prospects.tn,form_submit,web,151,2026-04-18T17:00:00Z
seif.issaoui200@prospects.tn,form_submit,web,255,2026-04-23T17:00:00Z
seif.issaoui200@prospects.tn,email_opened,email,174,2026-05-06T00:00:00Z
seif.issaoui200@prospects.tn,email_opened,email,193,2026-05-20T01:00:00Z
seif.issaoui200@prospects.tn,email_opened,email,103,2026-04-29T03:00:00Z
seif.issaoui200@prospects.tn,email_opened,email,59,2026-04-26T14:00:00Z
seif.issaoui200@prospects.tn,email_opened,email,97,2026-04-22T12:00:00Z
seif.issaoui200@prospects.tn,website_visit,web,333,2026-04-30T14:00:00Z
seif.issaoui200@prospects.tn,website_visit,web,334,2026-04-04T01:00:00Z
seif.issaoui200@prospects.tn,website_visit,web,64,2026-04-13T17:00:00Z
seif.issaoui200@prospects.tn,website_visit,web,404,2026-05-14T09:00:00Z
seif.issaoui200@prospects.tn,website_visit,web,54,2026-05-17T05:00:00Z
skander.riahi201@prospects.tn,meeting,physical,2503,2026-05-26T00:00:00Z
skander.riahi201@prospects.tn,meeting,physical,1978,2026-04-21T04:00:00Z
skander.riahi201@prospects.tn,meeting,physical,2926,2026-05-12T11:00:00Z
skander.riahi201@prospects.tn,meeting,physical,3320,2026-05-26T00:00:00Z
skander.riahi201@prospects.tn,form_submit,web,253,2026-05-10T12:00:00Z
skander.riahi201@prospects.tn,email_opened,email,177,2026-04-25T13:00:00Z
skander.riahi201@prospects.tn,email_opened,email,193,2026-05-11T11:00:00Z
skander.riahi201@prospects.tn,email_opened,email,110,2026-05-15T11:00:00Z
skander.riahi201@prospects.tn,email_opened,email,92,2026-04-22T21:00:00Z
skander.riahi201@prospects.tn,website_visit,web,179,2026-05-04T07:00:00Z
skander.riahi201@prospects.tn,website_visit,web,46,2026-05-04T20:00:00Z
skander.riahi201@prospects.tn,website_visit,web,29,2026-05-08T18:00:00Z
skander.riahi201@prospects.tn,website_visit,web,317,2026-04-24T22:00:00Z
emna.tlili202@prospects.tn,form_submit,web,222,2026-06-02T00:00:00Z
emna.tlili202@prospects.tn,website_visit,web,208,2026-06-02T03:00:00Z
emna.tlili202@prospects.tn,website_visit,web,307,2026-06-01T10:00:00Z
emna.tlili202@prospects.tn,website_visit,web,214,2026-06-02T16:00:00Z
emna.tlili202@prospects.tn,website_visit,web,180,2026-06-02T05:00:00Z
emna.tlili202@prospects.tn,website_visit,web,308,2026-06-02T11:00:00Z
emna.tlili202@prospects.tn,website_visit,web,65,2026-06-02T06:00:00Z
skander.aouadi203@prospects.tn,meeting,physical,2019,2026-05-28T00:00:00Z
skander.aouadi203@prospects.tn,form_submit,web,94,2026-05-02T06:00:00Z
skander.aouadi203@prospects.tn,email_opened,email,165,2026-04-22T02:00:00Z
skander.aouadi203@prospects.tn,website_visit,web,425,2026-04-16T16:00:00Z
skander.aouadi203@prospects.tn,website_visit,web,286,2026-04-16T13:00:00Z
skander.aouadi203@prospects.tn,website_visit,web,258,2026-05-17T10:00:00Z
marwen.nasri204@prospects.tn,meeting,physical,3512,2026-05-27T00:00:00Z
marwen.nasri204@prospects.tn,meeting,physical,3082,2026-04-23T13:00:00Z
marwen.nasri204@prospects.tn,meeting,physical,3416,2026-05-07T10:00:00Z
marwen.nasri204@prospects.tn,form_submit,web,282,2026-03-24T20:00:00Z
marwen.nasri204@prospects.tn,form_submit,web,349,2026-04-11T13:00:00Z
marwen.nasri204@prospects.tn,form_submit,web,380,2026-04-19T09:00:00Z
marwen.nasri204@prospects.tn,email_opened,email,35,2026-04-05T08:00:00Z
marwen.nasri204@prospects.tn,email_opened,email,153,2026-04-15T12:00:00Z
marwen.nasri204@prospects.tn,email_opened,email,71,2026-04-15T03:00:00Z
marwen.nasri204@prospects.tn,website_visit,web,201,2026-04-04T06:00:00Z
marwen.nasri204@prospects.tn,website_visit,web,251,2026-03-19T07:00:00Z
marwen.nasri204@prospects.tn,website_visit,web,90,2026-04-24T14:00:00Z
marwen.nasri204@prospects.tn,website_visit,web,138,2026-05-17T17:00:00Z
marwen.nasri204@prospects.tn,website_visit,web,92,2026-05-10T13:00:00Z
marwen.nasri204@prospects.tn,website_visit,web,397,2026-03-20T06:00:00Z
marwen.nasri204@prospects.tn,website_visit,web,365,2026-04-05T08:00:00Z
marwen.nasri204@prospects.tn,website_visit,web,406,2026-04-02T00:00:00Z
sabri.rekik205@prospects.tn,meeting,physical,2388,2026-05-17T00:00:00Z
sabri.rekik205@prospects.tn,meeting,physical,3592,2026-05-06T16:00:00Z
sabri.rekik205@prospects.tn,form_submit,web,106,2026-03-25T15:00:00Z
sabri.rekik205@prospects.tn,email_opened,email,121,2026-03-04T07:00:00Z
sabri.rekik205@prospects.tn,email_opened,email,55,2026-05-08T03:00:00Z
sabri.rekik205@prospects.tn,email_opened,email,80,2026-04-02T10:00:00Z
sabri.rekik205@prospects.tn,email_opened,email,48,2026-05-06T23:00:00Z
sabri.rekik205@prospects.tn,email_opened,email,166,2026-04-11T23:00:00Z
sabri.rekik205@prospects.tn,website_visit,web,391,2026-03-23T13:00:00Z
sabri.rekik205@prospects.tn,website_visit,web,271,2026-03-20T04:00:00Z
sabri.rekik205@prospects.tn,website_visit,web,492,2026-03-06T05:00:00Z
sabri.rekik205@prospects.tn,website_visit,web,76,2026-03-20T08:00:00Z
sabri.rekik205@prospects.tn,website_visit,web,282,2026-04-18T13:00:00Z
sabri.rekik205@prospects.tn,website_visit,web,355,2026-03-25T18:00:00Z
sabri.rekik205@prospects.tn,website_visit,web,439,2026-02-28T15:00:00Z
donia.ghali206@prospects.tn,meeting,physical,3543,2026-05-31T00:00:00Z
donia.ghali206@prospects.tn,form_submit,web,370,2026-02-22T22:00:00Z
donia.ghali206@prospects.tn,email_opened,email,28,2026-05-27T21:00:00Z
donia.ghali206@prospects.tn,email_opened,email,189,2026-03-18T08:00:00Z
donia.ghali206@prospects.tn,website_visit,web,424,2026-04-27T12:00:00Z
donia.ghali206@prospects.tn,website_visit,web,496,2026-03-27T20:00:00Z
chaima.chaabane207@prospects.tn,meeting,physical,1761,2026-05-07T00:00:00Z
chaima.chaabane207@prospects.tn,email_opened,email,61,2026-04-06T20:00:00Z
chaima.chaabane207@prospects.tn,website_visit,web,483,2026-03-29T20:00:00Z
iheb.khelifi208@prospects.tn,form_submit,web,319,2026-05-28T00:00:00Z
iheb.khelifi208@prospects.tn,website_visit,web,48,2026-05-28T13:00:00Z
sirine.gabsi209@prospects.tn,meeting,physical,1236,2026-05-28T00:00:00Z
sirine.gabsi209@prospects.tn,form_submit,web,116,2026-05-28T10:00:00Z
sirine.gabsi209@prospects.tn,form_submit,web,140,2026-05-28T15:00:00Z
sirine.gabsi209@prospects.tn,email_opened,email,83,2026-05-26T08:00:00Z
sirine.gabsi209@prospects.tn,email_opened,email,152,2026-05-26T21:00:00Z
sirine.gabsi209@prospects.tn,email_opened,email,186,2026-05-27T09:00:00Z
sirine.gabsi209@prospects.tn,website_visit,web,405,2026-05-26T02:00:00Z
sirine.gabsi209@prospects.tn,website_visit,web,81,2026-05-28T11:00:00Z
lina.limam210@prospects.tn,form_submit,web,85,2026-05-24T00:00:00Z
lina.limam210@prospects.tn,website_visit,web,220,2026-05-23T11:00:00Z
lina.limam210@prospects.tn,website_visit,web,331,2026-05-23T18:00:00Z
lina.limam210@prospects.tn,website_visit,web,234,2026-05-23T00:00:00Z
lina.limam210@prospects.tn,website_visit,web,322,2026-05-24T14:00:00Z
lina.limam210@prospects.tn,website_visit,web,148,2026-05-24T03:00:00Z
lina.limam210@prospects.tn,website_visit,web,91,2026-05-23T22:00:00Z
nour.karoui211@prospects.tn,form_submit,web,74,2026-05-31T00:00:00Z
nour.karoui211@prospects.tn,website_visit,web,163,2026-05-31T14:00:00Z
nour.karoui211@prospects.tn,website_visit,web,149,2026-05-28T11:00:00Z
nour.karoui211@prospects.tn,website_visit,web,135,2026-05-31T21:00:00Z
nidhal.mejri212@prospects.tn,meeting,physical,1113,2026-05-19T00:00:00Z
nidhal.mejri212@prospects.tn,form_submit,web,230,2026-05-19T22:00:00Z
nidhal.mejri212@prospects.tn,email_opened,email,80,2026-05-15T00:00:00Z
nidhal.mejri212@prospects.tn,website_visit,web,256,2026-05-17T16:00:00Z
nidhal.mejri212@prospects.tn,website_visit,web,480,2026-05-19T12:00:00Z
nidhal.mejri212@prospects.tn,website_visit,web,196,2026-05-17T12:00:00Z
nidhal.mejri212@prospects.tn,website_visit,web,325,2026-05-17T04:00:00Z
nidhal.mejri212@prospects.tn,website_visit,web,495,2026-05-19T01:00:00Z
nidhal.mejri212@prospects.tn,website_visit,web,358,2026-05-19T05:00:00Z
sabri.haddad213@prospects.tn,email_opened,email,91,2025-12-01T00:00:00Z
chaima.riahi214@prospects.tn,form_submit,web,396,2026-05-27T00:00:00Z
chaima.riahi214@prospects.tn,email_opened,email,182,2026-05-26T06:00:00Z
chaima.riahi214@prospects.tn,website_visit,web,423,2026-05-26T01:00:00Z
chaima.riahi214@prospects.tn,website_visit,web,240,2026-05-26T05:00:00Z
chedi.baccouche215@prospects.tn,meeting,physical,1506,2026-05-30T00:00:00Z
chedi.baccouche215@prospects.tn,meeting,physical,1406,2026-04-14T05:00:00Z
chedi.baccouche215@prospects.tn,email_opened,email,109,2026-05-20T16:00:00Z
chedi.baccouche215@prospects.tn,email_opened,email,43,2026-05-25T08:00:00Z
chedi.baccouche215@prospects.tn,email_opened,email,72,2026-05-09T21:00:00Z
chedi.baccouche215@prospects.tn,website_visit,web,459,2026-05-10T06:00:00Z
chedi.baccouche215@prospects.tn,website_visit,web,160,2026-05-10T00:00:00Z
aymen.hachicha216@prospects.tn,form_submit,web,225,2026-05-21T00:00:00Z
aymen.hachicha216@prospects.tn,email_opened,email,59,2026-05-01T19:00:00Z
aymen.hachicha216@prospects.tn,email_opened,email,27,2026-05-14T00:00:00Z
aymen.hachicha216@prospects.tn,email_opened,email,40,2026-05-03T01:00:00Z
aymen.hachicha216@prospects.tn,website_visit,web,250,2026-05-13T19:00:00Z
aymen.hachicha216@prospects.tn,website_visit,web,440,2026-05-07T10:00:00Z
aymen.hachicha216@prospects.tn,website_visit,web,377,2026-05-16T23:00:00Z
aymen.hachicha216@prospects.tn,website_visit,web,352,2026-05-18T18:00:00Z
aymen.hachicha216@prospects.tn,website_visit,web,260,2026-04-27T06:00:00Z
aymen.hachicha216@prospects.tn,website_visit,web,247,2026-05-20T01:00:00Z
aymen.hachicha216@prospects.tn,website_visit,web,336,2026-05-18T20:00:00Z
wassim.yahyaoui217@prospects.tn,meeting,physical,2491,2026-05-11T00:00:00Z
wassim.yahyaoui217@prospects.tn,email_opened,email,123,2026-05-11T04:00:00Z
wassim.yahyaoui217@prospects.tn,email_opened,email,92,2026-05-09T09:00:00Z
wassim.yahyaoui217@prospects.tn,email_opened,email,185,2026-05-10T13:00:00Z
yosr.ferchichi218@prospects.tn,form_submit,web,155,2026-05-25T00:00:00Z
yosr.ferchichi218@prospects.tn,email_opened,email,131,2026-05-25T02:00:00Z
chedi.daldoul219@prospects.tn,meeting,physical,1423,2026-05-21T00:00:00Z
chedi.daldoul219@prospects.tn,meeting,physical,2130,2026-04-25T13:00:00Z
chedi.daldoul219@prospects.tn,meeting,physical,1918,2026-04-19T03:00:00Z
chedi.daldoul219@prospects.tn,meeting,physical,3042,2026-04-22T21:00:00Z
chedi.daldoul219@prospects.tn,form_submit,web,278,2026-05-09T18:00:00Z
chedi.daldoul219@prospects.tn,form_submit,web,211,2026-05-15T08:00:00Z
chedi.daldoul219@prospects.tn,form_submit,web,351,2026-04-15T08:00:00Z
chedi.daldoul219@prospects.tn,form_submit,web,84,2026-04-30T02:00:00Z
chedi.daldoul219@prospects.tn,email_opened,email,161,2026-05-12T16:00:00Z
chedi.daldoul219@prospects.tn,email_opened,email,39,2026-03-25T03:00:00Z
chedi.daldoul219@prospects.tn,website_visit,web,484,2026-05-10T21:00:00Z
chedi.daldoul219@prospects.tn,website_visit,web,38,2026-04-22T05:00:00Z
chedi.daldoul219@prospects.tn,website_visit,web,277,2026-05-13T05:00:00Z
chedi.daldoul219@prospects.tn,website_visit,web,70,2026-05-16T12:00:00Z
chedi.mejri220@prospects.tn,meeting,physical,3374,2026-05-26T00:00:00Z
chedi.mejri220@prospects.tn,meeting,physical,1962,2026-05-15T09:00:00Z
chedi.mejri220@prospects.tn,meeting,physical,1335,2026-04-29T22:00:00Z
chedi.mejri220@prospects.tn,meeting,physical,2676,2026-05-03T09:00:00Z
chedi.mejri220@prospects.tn,meeting,physical,3088,2026-03-25T04:00:00Z
chedi.mejri220@prospects.tn,meeting,physical,973,2026-03-31T00:00:00Z
chedi.mejri220@prospects.tn,form_submit,web,62,2026-04-07T03:00:00Z
chedi.mejri220@prospects.tn,email_opened,email,121,2026-03-16T22:00:00Z
chedi.mejri220@prospects.tn,email_opened,email,49,2026-04-07T00:00:00Z
chedi.mejri220@prospects.tn,email_opened,email,23,2026-04-09T15:00:00Z
chedi.mejri220@prospects.tn,email_opened,email,63,2026-04-01T20:00:00Z
chedi.mejri220@prospects.tn,email_opened,email,187,2026-04-13T13:00:00Z
chedi.mejri220@prospects.tn,website_visit,web,259,2026-05-21T06:00:00Z
chedi.mejri220@prospects.tn,website_visit,web,250,2026-03-25T09:00:00Z
chedi.mejri220@prospects.tn,website_visit,web,369,2026-05-12T04:00:00Z
chedi.mejri220@prospects.tn,website_visit,web,222,2026-05-13T13:00:00Z
chedi.mejri220@prospects.tn,website_visit,web,459,2026-03-16T03:00:00Z
chedi.mejri220@prospects.tn,website_visit,web,351,2026-04-04T04:00:00Z
chedi.mejri220@prospects.tn,website_visit,web,396,2026-05-09T15:00:00Z
chedi.mejri220@prospects.tn,website_visit,web,323,2026-05-13T00:00:00Z
maha.issaoui221@prospects.tn,meeting,physical,3170,2026-05-28T00:00:00Z
maha.issaoui221@prospects.tn,meeting,physical,2091,2026-05-22T23:00:00Z
maha.issaoui221@prospects.tn,website_visit,web,33,2026-05-24T21:00:00Z
maha.issaoui221@prospects.tn,website_visit,web,264,2026-05-16T07:00:00Z
maha.issaoui221@prospects.tn,website_visit,web,219,2026-04-18T16:00:00Z
maha.issaoui221@prospects.tn,website_visit,web,263,2026-04-16T13:00:00Z
maha.issaoui221@prospects.tn,website_visit,web,277,2026-05-21T10:00:00Z
hamza.aouadi222@prospects.tn,website_visit,web,274,2026-01-19T00:00:00Z
oussama.issaoui223@prospects.tn,email_opened,email,61,2026-05-26T00:00:00Z
oussama.issaoui223@prospects.tn,website_visit,web,333,2026-05-25T09:00:00Z
firas.baccouche224@prospects.tn,email_opened,email,111,2026-02-23T00:00:00Z
firas.baccouche224@prospects.tn,email_opened,email,193,2026-02-22T02:00:00Z
firas.baccouche224@prospects.tn,email_opened,email,60,2026-02-23T13:00:00Z
firas.baccouche224@prospects.tn,email_opened,email,64,2026-02-22T19:00:00Z
firas.baccouche224@prospects.tn,website_visit,web,438,2026-02-22T03:00:00Z
hamza.mabrouk225@prospects.tn,meeting,physical,2693,2026-05-27T00:00:00Z
hamza.mabrouk225@prospects.tn,meeting,physical,2772,2026-03-17T04:00:00Z
hamza.mabrouk225@prospects.tn,meeting,physical,1354,2026-05-26T11:00:00Z
hamza.mabrouk225@prospects.tn,meeting,physical,1333,2026-04-16T04:00:00Z
hamza.mabrouk225@prospects.tn,meeting,physical,3400,2026-03-20T06:00:00Z
hamza.mabrouk225@prospects.tn,meeting,physical,3397,2026-04-30T13:00:00Z
hamza.mabrouk225@prospects.tn,form_submit,web,112,2026-03-05T07:00:00Z
hamza.mabrouk225@prospects.tn,email_opened,email,163,2026-05-04T10:00:00Z
hamza.mabrouk225@prospects.tn,email_opened,email,30,2026-04-10T16:00:00Z
hamza.mabrouk225@prospects.tn,email_opened,email,149,2026-03-26T02:00:00Z
hamza.mabrouk225@prospects.tn,email_opened,email,46,2026-04-08T11:00:00Z
hamza.mabrouk225@prospects.tn,email_opened,email,62,2026-04-27T11:00:00Z
hamza.mabrouk225@prospects.tn,email_opened,email,181,2026-05-24T21:00:00Z
hamza.mabrouk225@prospects.tn,email_opened,email,50,2026-04-05T04:00:00Z
hamza.mabrouk225@prospects.tn,email_opened,email,72,2026-05-11T13:00:00Z
hamza.mabrouk225@prospects.tn,email_opened,email,112,2026-04-03T04:00:00Z
hamza.mabrouk225@prospects.tn,email_opened,email,60,2026-04-28T13:00:00Z
hamza.mabrouk225@prospects.tn,website_visit,web,387,2026-04-26T14:00:00Z
hamza.mabrouk225@prospects.tn,website_visit,web,164,2026-05-10T21:00:00Z
hamza.mabrouk225@prospects.tn,website_visit,web,377,2026-04-20T00:00:00Z
hamza.mabrouk225@prospects.tn,website_visit,web,241,2026-04-30T04:00:00Z
hamza.mabrouk225@prospects.tn,website_visit,web,405,2026-03-06T22:00:00Z
hamza.mabrouk225@prospects.tn,website_visit,web,274,2026-05-10T02:00:00Z
hamza.mabrouk225@prospects.tn,website_visit,web,270,2026-03-15T10:00:00Z
hamza.mabrouk225@prospects.tn,website_visit,web,390,2026-04-14T12:00:00Z
karim.riahi226@prospects.tn,email_opened,email,122,2026-06-04T00:00:00Z
karim.riahi226@prospects.tn,email_opened,email,194,2026-06-04T23:00:00Z
karim.riahi226@prospects.tn,website_visit,web,373,2026-06-04T11:00:00Z
karim.riahi226@prospects.tn,website_visit,web,298,2026-06-03T08:00:00Z
aymen.guesmi227@prospects.tn,meeting,physical,1245,2026-05-28T00:00:00Z
aymen.guesmi227@prospects.tn,email_opened,email,29,2026-05-26T23:00:00Z
aymen.guesmi227@prospects.tn,website_visit,web,290,2026-05-28T23:00:00Z
aymen.guesmi227@prospects.tn,website_visit,web,186,2026-05-24T16:00:00Z
donia.sfar228@prospects.tn,email_opened,email,149,2026-03-14T00:00:00Z
donia.sfar228@prospects.tn,email_opened,email,48,2026-02-24T08:00:00Z
donia.sfar228@prospects.tn,website_visit,web,389,2026-03-13T16:00:00Z
donia.sfar228@prospects.tn,website_visit,web,45,2026-02-23T03:00:00Z
dorra.chaabane229@prospects.tn,form_submit,web,179,2026-05-31T00:00:00Z
dorra.chaabane229@prospects.tn,form_submit,web,239,2026-05-30T21:00:00Z
dorra.chaabane229@prospects.tn,email_opened,email,96,2026-05-23T22:00:00Z
dorra.chaabane229@prospects.tn,website_visit,web,160,2026-05-27T16:00:00Z
dorra.chaabane229@prospects.tn,website_visit,web,356,2026-05-24T03:00:00Z
zied.elloumi230@prospects.tn,meeting,physical,1219,2026-05-28T00:00:00Z
zied.elloumi230@prospects.tn,email_opened,email,114,2026-04-23T18:00:00Z
zied.elloumi230@prospects.tn,email_opened,email,193,2026-05-13T16:00:00Z
zied.elloumi230@prospects.tn,website_visit,web,284,2026-04-22T08:00:00Z
seif.chaouch231@prospects.tn,email_opened,email,50,2026-05-28T00:00:00Z
seif.chaouch231@prospects.tn,website_visit,web,370,2026-05-22T23:00:00Z
seif.chaouch231@prospects.tn,website_visit,web,123,2026-05-23T17:00:00Z
seif.chaouch231@prospects.tn,website_visit,web,248,2026-05-24T03:00:00Z
seif.chaouch231@prospects.tn,website_visit,web,257,2026-05-26T13:00:00Z
hatem.chaabane232@prospects.tn,email_opened,email,32,2026-05-26T00:00:00Z
hatem.chaabane232@prospects.tn,email_opened,email,98,2026-05-26T15:00:00Z
hatem.chaabane232@prospects.tn,website_visit,web,470,2026-05-24T03:00:00Z
hatem.chaabane232@prospects.tn,website_visit,web,160,2026-05-26T11:00:00Z
hatem.chaabane232@prospects.tn,website_visit,web,125,2026-05-24T01:00:00Z
hatem.chaabane232@prospects.tn,website_visit,web,108,2026-05-25T15:00:00Z
mariem.tlili233@prospects.tn,meeting,physical,2232,2026-05-21T00:00:00Z
mariem.tlili233@prospects.tn,meeting,physical,1265,2026-04-20T23:00:00Z
mariem.tlili233@prospects.tn,form_submit,web,379,2026-03-30T20:00:00Z
mariem.tlili233@prospects.tn,form_submit,web,400,2026-03-06T05:00:00Z
mariem.tlili233@prospects.tn,email_opened,email,179,2026-02-26T18:00:00Z
mariem.tlili233@prospects.tn,website_visit,web,224,2026-05-14T22:00:00Z
mariem.tlili233@prospects.tn,website_visit,web,213,2026-04-03T17:00:00Z
mariem.tlili233@prospects.tn,website_visit,web,134,2026-05-16T03:00:00Z
mariem.tlili233@prospects.tn,website_visit,web,475,2026-05-16T17:00:00Z
mariem.tlili233@prospects.tn,website_visit,web,217,2026-03-05T06:00:00Z
mariem.tlili233@prospects.tn,website_visit,web,188,2026-05-13T17:00:00Z
mariem.tlili233@prospects.tn,website_visit,web,291,2026-05-07T01:00:00Z
mariem.tlili233@prospects.tn,website_visit,web,38,2026-05-06T16:00:00Z
mariem.tlili233@prospects.tn,website_visit,web,358,2026-03-19T15:00:00Z
yassine.sassi234@prospects.tn,meeting,physical,2212,2026-06-02T00:00:00Z
yassine.sassi234@prospects.tn,email_opened,email,122,2026-06-01T15:00:00Z
bilel.zouari235@prospects.tn,meeting,physical,2568,2026-02-19T00:00:00Z
karim.cherif236@prospects.tn,meeting,physical,1881,2026-01-13T00:00:00Z
karim.cherif236@prospects.tn,website_visit,web,400,2026-01-05T18:00:00Z
rania.chaouch237@prospects.tn,meeting,physical,3300,2026-05-19T00:00:00Z
rania.chaouch237@prospects.tn,meeting,physical,1315,2026-05-12T14:00:00Z
rania.chaouch237@prospects.tn,meeting,physical,1908,2026-03-07T00:00:00Z
rania.chaouch237@prospects.tn,meeting,physical,3172,2026-04-30T19:00:00Z
rania.chaouch237@prospects.tn,meeting,physical,3568,2026-04-08T20:00:00Z
rania.chaouch237@prospects.tn,meeting,physical,1414,2026-03-23T00:00:00Z
rania.chaouch237@prospects.tn,form_submit,web,215,2026-03-09T15:00:00Z
rania.chaouch237@prospects.tn,email_opened,email,165,2026-04-05T19:00:00Z
rania.chaouch237@prospects.tn,email_opened,email,124,2026-04-03T21:00:00Z
rania.chaouch237@prospects.tn,email_opened,email,134,2026-04-19T11:00:00Z
rania.chaouch237@prospects.tn,email_opened,email,41,2026-03-29T18:00:00Z
rania.chaouch237@prospects.tn,email_opened,email,182,2026-05-06T09:00:00Z
rania.chaouch237@prospects.tn,email_opened,email,148,2026-03-07T05:00:00Z
rania.chaouch237@prospects.tn,email_opened,email,72,2026-05-09T18:00:00Z
rania.chaouch237@prospects.tn,email_opened,email,56,2026-03-10T09:00:00Z
rania.chaouch237@prospects.tn,email_opened,email,115,2026-03-13T12:00:00Z
rania.chaouch237@prospects.tn,website_visit,web,291,2026-03-17T04:00:00Z
rania.chaouch237@prospects.tn,website_visit,web,101,2026-05-12T08:00:00Z
rania.chaouch237@prospects.tn,website_visit,web,415,2026-04-26T06:00:00Z
rania.chaouch237@prospects.tn,website_visit,web,140,2026-05-19T16:00:00Z
rania.chaouch237@prospects.tn,website_visit,web,290,2026-04-11T21:00:00Z
rania.chaouch237@prospects.tn,website_visit,web,231,2026-04-14T20:00:00Z
sabri.selmi238@prospects.tn,meeting,physical,939,2026-05-27T00:00:00Z
sabri.selmi238@prospects.tn,email_opened,email,192,2026-04-17T20:00:00Z
sabri.selmi238@prospects.tn,email_opened,email,64,2026-05-23T02:00:00Z
sabri.selmi238@prospects.tn,email_opened,email,125,2026-05-16T00:00:00Z
sabri.selmi238@prospects.tn,email_opened,email,162,2026-05-24T14:00:00Z
sabri.selmi238@prospects.tn,website_visit,web,473,2026-05-25T03:00:00Z
sabri.selmi238@prospects.tn,website_visit,web,371,2026-05-04T12:00:00Z
sabri.selmi238@prospects.tn,website_visit,web,375,2026-05-20T11:00:00Z
sabri.selmi238@prospects.tn,website_visit,web,265,2026-05-06T05:00:00Z
sabri.selmi238@prospects.tn,website_visit,web,405,2026-05-26T00:00:00Z
sabri.selmi238@prospects.tn,website_visit,web,216,2026-04-19T14:00:00Z
sabri.selmi238@prospects.tn,website_visit,web,290,2026-05-05T06:00:00Z
maha.jaziri239@prospects.tn,meeting,physical,1050,2026-05-11T00:00:00Z
maha.jaziri239@prospects.tn,meeting,physical,2049,2026-05-03T05:00:00Z
maha.jaziri239@prospects.tn,meeting,physical,2918,2026-05-05T06:00:00Z
maha.jaziri239@prospects.tn,meeting,physical,3382,2026-05-09T23:00:00Z
maha.jaziri239@prospects.tn,form_submit,web,167,2026-05-06T21:00:00Z
maha.jaziri239@prospects.tn,email_opened,email,21,2026-05-09T19:00:00Z
maha.jaziri239@prospects.tn,email_opened,email,70,2026-05-06T05:00:00Z
maha.jaziri239@prospects.tn,email_opened,email,183,2026-04-20T18:00:00Z
maha.jaziri239@prospects.tn,email_opened,email,121,2026-04-22T23:00:00Z
maha.jaziri239@prospects.tn,email_opened,email,48,2026-04-20T04:00:00Z
maha.jaziri239@prospects.tn,website_visit,web,460,2026-04-26T18:00:00Z
maha.jaziri239@prospects.tn,website_visit,web,157,2026-04-25T16:00:00Z
maha.jaziri239@prospects.tn,website_visit,web,306,2026-05-11T08:00:00Z
maha.jaziri239@prospects.tn,website_visit,web,271,2026-04-24T21:00:00Z
bilel.feki240@prospects.tn,meeting,physical,1398,2026-05-26T00:00:00Z
bilel.feki240@prospects.tn,meeting,physical,3022,2026-03-05T08:00:00Z
bilel.feki240@prospects.tn,email_opened,email,139,2026-04-21T17:00:00Z
bilel.feki240@prospects.tn,website_visit,web,268,2026-04-25T10:00:00Z
bilel.feki240@prospects.tn,website_visit,web,200,2026-02-27T12:00:00Z
bilel.feki240@prospects.tn,website_visit,web,279,2026-03-23T10:00:00Z
bilel.feki240@prospects.tn,website_visit,web,403,2026-03-09T18:00:00Z
bilel.feki240@prospects.tn,website_visit,web,37,2026-03-02T23:00:00Z
bilel.feki240@prospects.tn,website_visit,web,467,2026-03-27T22:00:00Z
bilel.feki240@prospects.tn,website_visit,web,384,2026-04-22T02:00:00Z
bilel.feki240@prospects.tn,website_visit,web,129,2026-03-30T06:00:00Z
karim.zouari241@prospects.tn,email_opened,email,107,2026-03-21T00:00:00Z
karim.zouari241@prospects.tn,website_visit,web,441,2026-02-18T16:00:00Z
karim.zouari241@prospects.tn,website_visit,web,42,2026-02-06T02:00:00Z
sirine.selmi242@prospects.tn,meeting,physical,2710,2026-06-01T00:00:00Z
sirine.selmi242@prospects.tn,meeting,physical,1124,2026-03-21T03:00:00Z
sirine.selmi242@prospects.tn,form_submit,web,214,2026-04-18T13:00:00Z
sirine.selmi242@prospects.tn,email_opened,email,176,2026-02-27T19:00:00Z
sirine.selmi242@prospects.tn,email_opened,email,180,2026-05-09T21:00:00Z
sirine.selmi242@prospects.tn,email_opened,email,130,2026-04-18T00:00:00Z
sirine.selmi242@prospects.tn,email_opened,email,36,2026-03-28T12:00:00Z
sirine.selmi242@prospects.tn,email_opened,email,46,2026-03-29T13:00:00Z
sirine.selmi242@prospects.tn,email_opened,email,193,2026-05-21T19:00:00Z
sirine.selmi242@prospects.tn,email_opened,email,34,2026-04-18T03:00:00Z
sirine.selmi242@prospects.tn,email_opened,email,163,2026-03-13T20:00:00Z
sirine.selmi242@prospects.tn,website_visit,web,41,2026-05-29T21:00:00Z
sirine.selmi242@prospects.tn,website_visit,web,165,2026-05-09T00:00:00Z
sirine.selmi242@prospects.tn,website_visit,web,450,2026-03-28T16:00:00Z
sirine.selmi242@prospects.tn,website_visit,web,210,2026-03-12T18:00:00Z
marwen.brahmi243@prospects.tn,email_opened,email,67,2026-06-04T00:00:00Z
marwen.brahmi243@prospects.tn,website_visit,web,139,2026-06-02T01:00:00Z
dorra.ferchichi244@prospects.tn,meeting,physical,933,2026-05-16T00:00:00Z
dorra.ferchichi244@prospects.tn,meeting,physical,3020,2026-05-12T01:00:00Z
dorra.ferchichi244@prospects.tn,form_submit,web,360,2026-05-04T11:00:00Z
dorra.ferchichi244@prospects.tn,email_opened,email,188,2026-04-19T06:00:00Z
dorra.ferchichi244@prospects.tn,website_visit,web,362,2026-04-19T02:00:00Z
dorra.ferchichi244@prospects.tn,website_visit,web,89,2026-04-28T06:00:00Z
dorra.ferchichi244@prospects.tn,website_visit,web,44,2026-05-07T22:00:00Z
dorra.ferchichi244@prospects.tn,website_visit,web,136,2026-05-06T19:00:00Z
dorra.ferchichi244@prospects.tn,website_visit,web,274,2026-04-28T18:00:00Z
dorra.ferchichi244@prospects.tn,website_visit,web,434,2026-05-13T10:00:00Z
walid.tlili245@prospects.tn,meeting,physical,2257,2026-05-25T00:00:00Z
walid.tlili245@prospects.tn,form_submit,web,252,2026-05-24T03:00:00Z
walid.tlili245@prospects.tn,email_opened,email,72,2026-04-01T09:00:00Z
walid.tlili245@prospects.tn,email_opened,email,122,2026-05-09T06:00:00Z
walid.tlili245@prospects.tn,email_opened,email,67,2026-04-29T01:00:00Z
walid.tlili245@prospects.tn,website_visit,web,437,2026-03-17T06:00:00Z
walid.tlili245@prospects.tn,website_visit,web,18,2026-04-08T09:00:00Z
walid.tlili245@prospects.tn,website_visit,web,200,2026-04-05T07:00:00Z
walid.tlili245@prospects.tn,website_visit,web,20,2026-04-16T23:00:00Z
walid.tlili245@prospects.tn,website_visit,web,52,2026-04-05T10:00:00Z
walid.tlili245@prospects.tn,website_visit,web,198,2026-05-23T07:00:00Z
walid.tlili245@prospects.tn,website_visit,web,30,2026-04-05T06:00:00Z
bilel.jelassi246@prospects.tn,website_visit,web,496,2026-03-12T00:00:00Z
aymen.riahi247@prospects.tn,meeting,physical,3423,2026-06-01T00:00:00Z
aymen.riahi247@prospects.tn,meeting,physical,3305,2026-02-20T20:00:00Z
aymen.riahi247@prospects.tn,meeting,physical,1674,2026-05-26T08:00:00Z
aymen.riahi247@prospects.tn,email_opened,email,157,2026-03-02T16:00:00Z
aymen.riahi247@prospects.tn,email_opened,email,95,2026-04-29T15:00:00Z
aymen.riahi247@prospects.tn,website_visit,web,419,2026-03-12T23:00:00Z
aymen.riahi247@prospects.tn,website_visit,web,91,2026-02-24T15:00:00Z
aymen.riahi247@prospects.tn,website_visit,web,182,2026-05-26T21:00:00Z
aymen.riahi247@prospects.tn,website_visit,web,141,2026-05-03T02:00:00Z
karim.daldoul248@prospects.tn,meeting,physical,3291,2025-12-19T00:00:00Z
karim.daldoul248@prospects.tn,email_opened,email,186,2025-12-18T07:00:00Z
karim.daldoul248@prospects.tn,website_visit,web,33,2025-12-18T14:00:00Z
rania.limam249@prospects.tn,form_submit,web,81,2026-02-01T00:00:00Z
rania.limam249@prospects.tn,form_submit,web,298,2026-02-01T14:00:00Z
rania.limam249@prospects.tn,website_visit,web,277,2026-02-01T13:00:00Z
rania.limam249@prospects.tn,website_visit,web,333,2026-02-01T11:00:00Z
rania.limam249@prospects.tn,website_visit,web,187,2026-02-01T10:00:00Z
takwa.hamdi250@prospects.tn,email_opened,email,38,2026-03-22T00:00:00Z
chaima.khelifi251@prospects.tn,website_visit,web,19,2026-02-14T00:00:00Z
chaima.khelifi251@prospects.tn,website_visit,web,409,2025-12-14T11:00:00Z
chaima.khelifi251@prospects.tn,website_visit,web,168,2025-12-29T12:00:00Z
seif.jaziri252@prospects.tn,form_submit,web,296,2026-05-25T00:00:00Z
seif.jaziri252@prospects.tn,website_visit,web,189,2026-05-20T10:00:00Z
marwen.riahi253@prospects.tn,meeting,physical,1823,2026-05-12T00:00:00Z
marwen.riahi253@prospects.tn,meeting,physical,2616,2026-03-20T18:00:00Z
marwen.riahi253@prospects.tn,meeting,physical,2643,2026-02-09T18:00:00Z
marwen.riahi253@prospects.tn,form_submit,web,266,2026-02-11T04:00:00Z
marwen.riahi253@prospects.tn,website_visit,web,405,2026-02-26T10:00:00Z
marwen.riahi253@prospects.tn,website_visit,web,413,2026-04-20T20:00:00Z
marwen.riahi253@prospects.tn,website_visit,web,368,2026-04-25T19:00:00Z
marwen.riahi253@prospects.tn,website_visit,web,290,2026-04-21T12:00:00Z
marwen.riahi253@prospects.tn,website_visit,web,168,2026-03-27T06:00:00Z
hela.aouadi254@prospects.tn,form_submit,web,155,2025-12-29T00:00:00Z
hela.aouadi254@prospects.tn,website_visit,web,116,2025-11-15T12:00:00Z
wassim.larbi255@prospects.tn,meeting,physical,2613,2026-05-25T00:00:00Z
wassim.larbi255@prospects.tn,email_opened,email,142,2026-04-27T19:00:00Z
wassim.larbi255@prospects.tn,email_opened,email,37,2026-05-23T09:00:00Z
wassim.larbi255@prospects.tn,email_opened,email,119,2026-05-24T06:00:00Z
wassim.larbi255@prospects.tn,email_opened,email,72,2026-05-19T22:00:00Z
wassim.larbi255@prospects.tn,website_visit,web,81,2026-05-16T08:00:00Z
wassim.larbi255@prospects.tn,website_visit,web,460,2026-04-29T00:00:00Z
wassim.larbi255@prospects.tn,website_visit,web,120,2026-04-26T14:00:00Z
wassim.larbi255@prospects.tn,website_visit,web,173,2026-04-21T12:00:00Z
wassim.larbi255@prospects.tn,website_visit,web,236,2026-05-25T07:00:00Z
wassim.larbi255@prospects.tn,website_visit,web,433,2026-05-20T10:00:00Z
wassim.larbi255@prospects.tn,website_visit,web,378,2026-05-23T15:00:00Z
wassim.larbi255@prospects.tn,website_visit,web,355,2026-05-16T14:00:00Z
wassim.larbi255@prospects.tn,website_visit,web,258,2026-05-23T01:00:00Z
firas.sfar256@prospects.tn,email_opened,email,118,2026-05-30T00:00:00Z
firas.sfar256@prospects.tn,email_opened,email,188,2026-05-30T03:00:00Z
firas.sfar256@prospects.tn,website_visit,web,108,2026-05-27T22:00:00Z
firas.sfar256@prospects.tn,website_visit,web,372,2026-05-21T07:00:00Z
karim.rekik257@prospects.tn,meeting,physical,2966,2026-05-31T00:00:00Z
karim.rekik257@prospects.tn,form_submit,web,226,2026-05-22T06:00:00Z
karim.rekik257@prospects.tn,email_opened,email,124,2026-05-26T01:00:00Z
karim.rekik257@prospects.tn,website_visit,web,245,2026-05-25T00:00:00Z
karim.rekik257@prospects.tn,website_visit,web,99,2026-05-19T20:00:00Z
nidhal.hamdi258@prospects.tn,meeting,physical,1892,2026-05-23T00:00:00Z
nidhal.hamdi258@prospects.tn,meeting,physical,2692,2026-03-25T19:00:00Z
nidhal.hamdi258@prospects.tn,form_submit,web,131,2026-03-30T05:00:00Z
nidhal.hamdi258@prospects.tn,form_submit,web,301,2026-04-11T03:00:00Z
nidhal.hamdi258@prospects.tn,email_opened,email,91,2026-04-27T23:00:00Z
nidhal.hamdi258@prospects.tn,website_visit,web,445,2026-04-18T05:00:00Z
nidhal.hamdi258@prospects.tn,website_visit,web,97,2026-03-28T21:00:00Z
nidhal.hamdi258@prospects.tn,website_visit,web,102,2026-05-11T00:00:00Z
nidhal.hamdi258@prospects.tn,website_visit,web,444,2026-05-06T08:00:00Z
jihen.selmi259@prospects.tn,meeting,physical,2162,2026-05-29T00:00:00Z
jihen.selmi259@prospects.tn,meeting,physical,2718,2026-04-01T01:00:00Z
jihen.selmi259@prospects.tn,email_opened,email,33,2026-05-20T12:00:00Z
jihen.selmi259@prospects.tn,website_visit,web,321,2026-05-20T06:00:00Z
rania.ghali260@prospects.tn,meeting,physical,1080,2026-05-28T00:00:00Z
rania.ghali260@prospects.tn,meeting,physical,2602,2026-02-06T11:00:00Z
rania.ghali260@prospects.tn,meeting,physical,2999,2026-04-02T05:00:00Z
rania.ghali260@prospects.tn,meeting,physical,1341,2026-01-13T12:00:00Z
rania.ghali260@prospects.tn,form_submit,web,227,2026-03-31T00:00:00Z
rania.ghali260@prospects.tn,email_opened,email,102,2026-04-19T06:00:00Z
rania.ghali260@prospects.tn,email_opened,email,163,2026-05-07T07:00:00Z
rania.ghali260@prospects.tn,email_opened,email,180,2026-01-26T21:00:00Z
rania.ghali260@prospects.tn,email_opened,email,68,2026-03-22T20:00:00Z
rania.ghali260@prospects.tn,email_opened,email,179,2026-04-14T01:00:00Z
rania.ghali260@prospects.tn,email_opened,email,73,2026-01-27T06:00:00Z
rania.ghali260@prospects.tn,website_visit,web,493,2026-04-25T09:00:00Z
rania.ghali260@prospects.tn,website_visit,web,292,2026-05-17T03:00:00Z
rania.ghali260@prospects.tn,website_visit,web,217,2026-05-27T18:00:00Z
rania.ghali260@prospects.tn,website_visit,web,495,2026-02-22T08:00:00Z
rania.ghali260@prospects.tn,website_visit,web,234,2026-02-03T19:00:00Z
rania.ghali260@prospects.tn,website_visit,web,76,2026-04-03T20:00:00Z
rania.ghali260@prospects.tn,website_visit,web,133,2026-04-19T21:00:00Z
rania.ghali260@prospects.tn,website_visit,web,124,2026-02-13T10:00:00Z
lina.yahyaoui261@prospects.tn,meeting,physical,1408,2026-05-20T00:00:00Z
lina.yahyaoui261@prospects.tn,meeting,physical,2165,2026-02-13T20:00:00Z
lina.yahyaoui261@prospects.tn,meeting,physical,1868,2026-01-22T07:00:00Z
lina.yahyaoui261@prospects.tn,form_submit,web,279,2026-05-16T23:00:00Z
lina.yahyaoui261@prospects.tn,form_submit,web,184,2026-04-04T14:00:00Z
lina.yahyaoui261@prospects.tn,form_submit,web,377,2026-04-22T10:00:00Z
lina.yahyaoui261@prospects.tn,form_submit,web,100,2026-02-04T08:00:00Z
lina.yahyaoui261@prospects.tn,form_submit,web,90,2026-02-27T20:00:00Z
lina.yahyaoui261@prospects.tn,form_submit,web,130,2026-04-28T01:00:00Z
lina.yahyaoui261@prospects.tn,email_opened,email,115,2026-03-25T13:00:00Z
lina.yahyaoui261@prospects.tn,email_opened,email,147,2026-04-10T09:00:00Z
lina.yahyaoui261@prospects.tn,email_opened,email,95,2026-04-24T00:00:00Z
lina.yahyaoui261@prospects.tn,email_opened,email,71,2026-02-16T23:00:00Z
lina.yahyaoui261@prospects.tn,website_visit,web,92,2026-03-01T10:00:00Z
lina.yahyaoui261@prospects.tn,website_visit,web,207,2026-02-18T06:00:00Z
ines.mejri263@prospects.tn,website_visit,web,142,2026-05-31T00:00:00Z
ines.mejri263@prospects.tn,website_visit,web,170,2026-05-31T18:00:00Z
maha.karoui264@prospects.tn,meeting,physical,2462,2026-05-20T00:00:00Z
maha.karoui264@prospects.tn,form_submit,web,278,2026-05-01T09:00:00Z
maha.karoui264@prospects.tn,form_submit,web,102,2026-04-26T17:00:00Z
maha.karoui264@prospects.tn,email_opened,email,96,2026-05-10T15:00:00Z
maha.karoui264@prospects.tn,email_opened,email,172,2026-04-06T10:00:00Z
maha.karoui264@prospects.tn,website_visit,web,290,2026-04-10T22:00:00Z
maha.karoui264@prospects.tn,website_visit,web,93,2026-05-02T06:00:00Z
maha.karoui264@prospects.tn,website_visit,web,298,2026-04-11T06:00:00Z
maha.karoui264@prospects.tn,website_visit,web,387,2026-04-02T00:00:00Z
maha.karoui264@prospects.tn,website_visit,web,104,2026-05-04T23:00:00Z
maha.karoui264@prospects.tn,website_visit,web,146,2026-05-18T11:00:00Z
maha.karoui264@prospects.tn,website_visit,web,209,2026-05-03T12:00:00Z
maha.karoui264@prospects.tn,website_visit,web,252,2026-04-28T12:00:00Z
maha.karoui264@prospects.tn,website_visit,web,171,2026-05-19T11:00:00Z
fares.chaouch265@prospects.tn,email_opened,email,145,2026-03-19T00:00:00Z
fares.chaouch265@prospects.tn,email_opened,email,182,2026-02-24T22:00:00Z
dorra.hamdi266@prospects.tn,meeting,physical,1941,2026-05-11T00:00:00Z
dorra.hamdi266@prospects.tn,email_opened,email,83,2026-03-23T03:00:00Z
dorra.hamdi266@prospects.tn,email_opened,email,174,2026-05-11T02:00:00Z
dorra.hamdi266@prospects.tn,website_visit,web,311,2026-05-03T22:00:00Z
dorra.hamdi266@prospects.tn,website_visit,web,354,2026-04-16T12:00:00Z
dorra.hamdi266@prospects.tn,website_visit,web,445,2026-05-07T18:00:00Z
dorra.hamdi266@prospects.tn,website_visit,web,97,2026-03-28T16:00:00Z
marwen.riahi267@prospects.tn,form_submit,web,353,2026-05-22T00:00:00Z
marwen.riahi267@prospects.tn,email_opened,email,108,2026-05-11T16:00:00Z
marwen.riahi267@prospects.tn,email_opened,email,56,2026-05-11T20:00:00Z
marwen.riahi267@prospects.tn,email_opened,email,88,2026-05-03T23:00:00Z
marwen.riahi267@prospects.tn,email_opened,email,73,2026-05-12T05:00:00Z
marwen.riahi267@prospects.tn,email_opened,email,121,2026-04-26T11:00:00Z
marwen.riahi267@prospects.tn,website_visit,web,372,2026-04-26T22:00:00Z
marwen.riahi267@prospects.tn,website_visit,web,172,2026-04-23T06:00:00Z
marwen.riahi267@prospects.tn,website_visit,web,18,2026-05-16T05:00:00Z
marwen.riahi267@prospects.tn,website_visit,web,101,2026-05-17T03:00:00Z
marwen.riahi267@prospects.tn,website_visit,web,432,2026-05-13T18:00:00Z
marwen.riahi267@prospects.tn,website_visit,web,266,2026-04-28T05:00:00Z
marwen.riahi267@prospects.tn,website_visit,web,15,2026-04-27T01:00:00Z
marwen.riahi267@prospects.tn,website_visit,web,64,2026-04-26T06:00:00Z
marwen.riahi267@prospects.tn,website_visit,web,50,2026-05-01T13:00:00Z
maha.brahmi268@prospects.tn,meeting,physical,929,2026-05-29T00:00:00Z
maha.brahmi268@prospects.tn,meeting,physical,3285,2026-05-01T08:00:00Z
maha.brahmi268@prospects.tn,meeting,physical,1071,2026-04-27T15:00:00Z
maha.brahmi268@prospects.tn,form_submit,web,109,2026-04-08T19:00:00Z
maha.brahmi268@prospects.tn,email_opened,email,74,2026-04-19T10:00:00Z
maha.brahmi268@prospects.tn,email_opened,email,153,2026-04-12T21:00:00Z
maha.brahmi268@prospects.tn,website_visit,web,420,2026-04-08T10:00:00Z
maha.brahmi268@prospects.tn,website_visit,web,18,2026-03-26T11:00:00Z
maha.brahmi268@prospects.tn,website_visit,web,207,2026-05-20T12:00:00Z
maha.brahmi268@prospects.tn,website_visit,web,323,2026-04-13T19:00:00Z
dorra.dridi269@prospects.tn,meeting,physical,2751,2026-05-09T00:00:00Z
dorra.dridi269@prospects.tn,form_submit,web,376,2026-04-16T00:00:00Z
dorra.dridi269@prospects.tn,email_opened,email,195,2026-04-24T00:00:00Z
dorra.dridi269@prospects.tn,email_opened,email,188,2026-04-27T01:00:00Z
dorra.dridi269@prospects.tn,email_opened,email,141,2026-04-24T21:00:00Z
dorra.dridi269@prospects.tn,email_opened,email,151,2026-05-02T07:00:00Z
dorra.dridi269@prospects.tn,website_visit,web,226,2026-05-05T12:00:00Z
dorra.dridi269@prospects.tn,website_visit,web,353,2026-04-09T11:00:00Z
khalil.baccouche270@prospects.tn,email_opened,email,192,2026-06-02T00:00:00Z
khalil.baccouche270@prospects.tn,email_opened,email,160,2026-06-02T03:00:00Z
khalil.baccouche270@prospects.tn,email_opened,email,139,2026-06-02T21:00:00Z
khalil.baccouche270@prospects.tn,website_visit,web,101,2026-06-01T07:00:00Z
khalil.baccouche270@prospects.tn,website_visit,web,473,2026-06-01T05:00:00Z
firas.brahmi271@prospects.tn,form_submit,web,333,2026-05-24T00:00:00Z
firas.brahmi271@prospects.tn,email_opened,email,182,2026-05-23T07:00:00Z
firas.brahmi271@prospects.tn,website_visit,web,386,2026-05-24T19:00:00Z
firas.brahmi271@prospects.tn,website_visit,web,266,2026-05-22T20:00:00Z
firas.brahmi271@prospects.tn,website_visit,web,61,2026-05-23T12:00:00Z
firas.brahmi271@prospects.tn,website_visit,web,422,2026-05-24T23:00:00Z
firas.brahmi271@prospects.tn,website_visit,web,369,2026-05-24T23:00:00Z
fares.gabsi272@prospects.tn,meeting,physical,2183,2026-05-22T00:00:00Z
fares.gabsi272@prospects.tn,meeting,physical,2457,2026-04-04T18:00:00Z
fares.gabsi272@prospects.tn,meeting,physical,3263,2026-02-14T03:00:00Z
fares.gabsi272@prospects.tn,form_submit,web,60,2026-03-08T00:00:00Z
fares.gabsi272@prospects.tn,email_opened,email,99,2026-03-26T14:00:00Z
fares.gabsi272@prospects.tn,email_opened,email,35,2026-02-26T04:00:00Z
fares.gabsi272@prospects.tn,email_opened,email,171,2026-05-01T09:00:00Z
fares.gabsi272@prospects.tn,email_opened,email,157,2026-05-04T07:00:00Z
fares.gabsi272@prospects.tn,email_opened,email,68,2026-03-21T21:00:00Z
fares.gabsi272@prospects.tn,email_opened,email,119,2026-03-16T04:00:00Z
fares.gabsi272@prospects.tn,email_opened,email,128,2026-04-03T09:00:00Z
fares.gabsi272@prospects.tn,email_opened,email,101,2026-02-04T23:00:00Z
fares.gabsi272@prospects.tn,email_opened,email,113,2026-04-12T22:00:00Z
fares.gabsi272@prospects.tn,email_opened,email,193,2026-01-21T19:00:00Z
fares.gabsi272@prospects.tn,website_visit,web,493,2026-02-26T09:00:00Z
fares.gabsi272@prospects.tn,website_visit,web,422,2026-03-22T22:00:00Z
fares.gabsi272@prospects.tn,website_visit,web,79,2026-02-01T08:00:00Z
fares.gabsi272@prospects.tn,website_visit,web,281,2026-05-05T22:00:00Z
fares.gabsi272@prospects.tn,website_visit,web,354,2026-03-31T15:00:00Z
nour.chaouch273@prospects.tn,form_submit,web,309,2026-05-27T00:00:00Z
hela.tlili274@prospects.tn,meeting,physical,1699,2026-05-07T00:00:00Z
hela.tlili274@prospects.tn,meeting,physical,3144,2026-03-31T14:00:00Z
hela.tlili274@prospects.tn,form_submit,web,261,2026-03-13T18:00:00Z
hela.tlili274@prospects.tn,form_submit,web,109,2026-03-10T14:00:00Z
hela.tlili274@prospects.tn,email_opened,email,53,2026-04-23T09:00:00Z
hela.tlili274@prospects.tn,email_opened,email,102,2026-03-11T06:00:00Z
hela.tlili274@prospects.tn,email_opened,email,168,2026-03-20T23:00:00Z
hela.tlili274@prospects.tn,email_opened,email,33,2026-03-18T23:00:00Z
hela.tlili274@prospects.tn,website_visit,web,450,2026-02-22T11:00:00Z
hela.tlili274@prospects.tn,website_visit,web,493,2026-05-05T03:00:00Z
hela.tlili274@prospects.tn,website_visit,web,378,2026-03-11T12:00:00Z
khalil.haddad275@prospects.tn,meeting,physical,1386,2026-06-03T00:00:00Z
khalil.haddad275@prospects.tn,meeting,physical,1886,2026-01-30T14:00:00Z
khalil.haddad275@prospects.tn,meeting,physical,2524,2026-04-15T08:00:00Z
khalil.haddad275@prospects.tn,meeting,physical,2901,2026-05-01T11:00:00Z
khalil.haddad275@prospects.tn,meeting,physical,2139,2026-01-10T03:00:00Z
khalil.haddad275@prospects.tn,meeting,physical,3341,2026-02-06T02:00:00Z
khalil.haddad275@prospects.tn,email_opened,email,64,2026-02-08T15:00:00Z
khalil.haddad275@prospects.tn,email_opened,email,187,2026-05-18T07:00:00Z
khalil.haddad275@prospects.tn,email_opened,email,116,2026-01-13T18:00:00Z
khalil.haddad275@prospects.tn,website_visit,web,412,2026-06-03T18:00:00Z
khalil.haddad275@prospects.tn,website_visit,web,369,2026-05-10T08:00:00Z
khalil.haddad275@prospects.tn,website_visit,web,422,2026-02-01T18:00:00Z
lina.hamdi276@prospects.tn,email_opened,email,162,2026-05-25T00:00:00Z
lina.hamdi276@prospects.tn,website_visit,web,433,2026-05-24T18:00:00Z
lina.hamdi276@prospects.tn,website_visit,web,289,2026-05-24T22:00:00Z
lina.hamdi276@prospects.tn,website_visit,web,416,2026-05-25T03:00:00Z
lina.hamdi276@prospects.tn,website_visit,web,430,2026-05-21T21:00:00Z
lina.hamdi276@prospects.tn,website_visit,web,286,2026-05-20T05:00:00Z
lina.hamdi276@prospects.tn,website_visit,web,265,2026-05-24T22:00:00Z
lina.hamdi276@prospects.tn,website_visit,web,47,2026-05-21T00:00:00Z
hamza.selmi277@prospects.tn,website_visit,web,102,2026-06-03T00:00:00Z
hamza.selmi277@prospects.tn,website_visit,web,231,2026-05-29T01:00:00Z
hamza.selmi277@prospects.tn,website_visit,web,498,2026-06-02T09:00:00Z
hamza.selmi277@prospects.tn,website_visit,web,351,2026-06-02T14:00:00Z
hamza.selmi277@prospects.tn,website_visit,web,15,2026-05-27T18:00:00Z
hamza.selmi277@prospects.tn,website_visit,web,142,2026-06-01T22:00:00Z
zied.elloumi278@prospects.tn,form_submit,web,170,2026-05-24T00:00:00Z
zied.elloumi278@prospects.tn,email_opened,email,171,2026-04-28T02:00:00Z
zied.elloumi278@prospects.tn,email_opened,email,111,2026-03-16T08:00:00Z
zied.elloumi278@prospects.tn,website_visit,web,157,2026-04-17T20:00:00Z
zied.elloumi278@prospects.tn,website_visit,web,80,2026-02-20T12:00:00Z
zied.elloumi278@prospects.tn,website_visit,web,388,2026-05-06T02:00:00Z
zied.elloumi278@prospects.tn,website_visit,web,333,2026-03-16T21:00:00Z
khalil.guesmi279@prospects.tn,meeting,physical,1528,2026-05-28T00:00:00Z
khalil.guesmi279@prospects.tn,meeting,physical,2195,2026-03-20T11:00:00Z
khalil.guesmi279@prospects.tn,meeting,physical,2676,2026-04-20T08:00:00Z
khalil.guesmi279@prospects.tn,form_submit,web,254,2026-03-27T07:00:00Z
khalil.guesmi279@prospects.tn,form_submit,web,73,2026-04-13T00:00:00Z
khalil.guesmi279@prospects.tn,email_opened,email,174,2026-03-21T12:00:00Z
khalil.guesmi279@prospects.tn,email_opened,email,83,2026-04-06T12:00:00Z
khalil.guesmi279@prospects.tn,email_opened,email,39,2026-03-22T03:00:00Z
khalil.guesmi279@prospects.tn,email_opened,email,89,2026-03-31T16:00:00Z
khalil.guesmi279@prospects.tn,email_opened,email,51,2026-04-17T18:00:00Z
khalil.guesmi279@prospects.tn,email_opened,email,156,2026-05-10T03:00:00Z
khalil.guesmi279@prospects.tn,email_opened,email,48,2026-05-15T11:00:00Z
khalil.guesmi279@prospects.tn,website_visit,web,365,2026-05-21T09:00:00Z
khalil.guesmi279@prospects.tn,website_visit,web,295,2026-05-18T08:00:00Z
khalil.guesmi279@prospects.tn,website_visit,web,223,2026-05-25T03:00:00Z
khalil.guesmi279@prospects.tn,website_visit,web,48,2026-03-15T05:00:00Z
khalil.guesmi279@prospects.tn,website_visit,web,183,2026-04-18T12:00:00Z
lina.dridi280@prospects.tn,email_opened,email,83,2025-12-24T00:00:00Z
lina.dridi280@prospects.tn,email_opened,email,193,2025-12-10T05:00:00Z
lina.dridi280@prospects.tn,email_opened,email,175,2025-12-09T11:00:00Z
lina.dridi280@prospects.tn,website_visit,web,229,2025-12-10T16:00:00Z
lina.dridi280@prospects.tn,website_visit,web,376,2025-11-29T08:00:00Z
khalil.elloumi281@prospects.tn,email_opened,email,41,2026-01-29T00:00:00Z
khalil.elloumi281@prospects.tn,website_visit,web,395,2026-01-29T17:00:00Z
skander.jaziri282@prospects.tn,form_submit,web,277,2026-05-25T00:00:00Z
skander.jaziri282@prospects.tn,email_opened,email,199,2026-05-24T07:00:00Z
skander.jaziri282@prospects.tn,website_visit,web,288,2026-05-22T19:00:00Z
maha.haddad283@prospects.tn,meeting,physical,2284,2026-05-06T00:00:00Z
maha.haddad283@prospects.tn,form_submit,web,187,2026-04-10T06:00:00Z
maha.haddad283@prospects.tn,email_opened,email,158,2026-03-30T20:00:00Z
maha.haddad283@prospects.tn,email_opened,email,50,2026-04-25T01:00:00Z
maha.haddad283@prospects.tn,email_opened,email,94,2026-04-19T19:00:00Z
maha.haddad283@prospects.tn,website_visit,web,168,2026-04-22T01:00:00Z
maha.haddad283@prospects.tn,website_visit,web,262,2026-04-05T00:00:00Z
maha.haddad283@prospects.tn,website_visit,web,165,2026-04-18T10:00:00Z
maha.haddad283@prospects.tn,website_visit,web,150,2026-03-29T11:00:00Z
maha.haddad283@prospects.tn,website_visit,web,124,2026-03-04T00:00:00Z
maha.haddad283@prospects.tn,website_visit,web,16,2026-04-04T23:00:00Z
maha.haddad283@prospects.tn,website_visit,web,392,2026-03-14T12:00:00Z
maha.haddad283@prospects.tn,website_visit,web,338,2026-04-05T00:00:00Z
maha.haddad283@prospects.tn,website_visit,web,306,2026-03-03T13:00:00Z
skander.karoui284@prospects.tn,meeting,physical,1646,2026-05-19T00:00:00Z
skander.karoui284@prospects.tn,meeting,physical,3097,2026-05-18T06:00:00Z
skander.karoui284@prospects.tn,meeting,physical,2003,2026-04-29T06:00:00Z
skander.karoui284@prospects.tn,meeting,physical,1345,2026-05-05T01:00:00Z
skander.karoui284@prospects.tn,meeting,physical,2696,2026-04-30T12:00:00Z
skander.karoui284@prospects.tn,email_opened,email,188,2026-05-09T23:00:00Z
skander.karoui284@prospects.tn,email_opened,email,132,2026-05-06T01:00:00Z
skander.karoui284@prospects.tn,website_visit,web,97,2026-05-01T21:00:00Z
skander.karoui284@prospects.tn,website_visit,web,86,2026-05-02T15:00:00Z
skander.karoui284@prospects.tn,website_visit,web,196,2026-05-17T08:00:00Z
skander.karoui284@prospects.tn,website_visit,web,397,2026-04-29T13:00:00Z
skander.karoui284@prospects.tn,website_visit,web,237,2026-05-11T17:00:00Z
skander.karoui284@prospects.tn,website_visit,web,17,2026-05-11T21:00:00Z
skander.karoui284@prospects.tn,website_visit,web,198,2026-05-18T04:00:00Z
skander.karoui284@prospects.tn,website_visit,web,467,2026-05-06T12:00:00Z
skander.karoui284@prospects.tn,website_visit,web,460,2026-05-12T23:00:00Z
fares.ferchichi285@prospects.tn,form_submit,web,305,2026-06-03T00:00:00Z
fares.ferchichi285@prospects.tn,email_opened,email,94,2026-06-02T07:00:00Z
fares.ferchichi285@prospects.tn,email_opened,email,92,2026-06-03T04:00:00Z
fares.ferchichi285@prospects.tn,email_opened,email,144,2026-06-03T16:00:00Z
fares.ferchichi285@prospects.tn,website_visit,web,57,2026-06-01T07:00:00Z
takwa.chaabane286@prospects.tn,meeting,physical,3321,2026-05-27T00:00:00Z
takwa.chaabane286@prospects.tn,form_submit,web,382,2026-02-22T13:00:00Z
takwa.chaabane286@prospects.tn,form_submit,web,384,2026-01-20T19:00:00Z
takwa.chaabane286@prospects.tn,form_submit,web,136,2026-03-08T02:00:00Z
takwa.chaabane286@prospects.tn,form_submit,web,177,2026-01-29T12:00:00Z
takwa.chaabane286@prospects.tn,email_opened,email,50,2026-04-30T16:00:00Z
takwa.chaabane286@prospects.tn,email_opened,email,53,2026-04-04T22:00:00Z
takwa.chaabane286@prospects.tn,website_visit,web,220,2026-03-16T07:00:00Z
takwa.chaabane286@prospects.tn,website_visit,web,34,2026-04-12T13:00:00Z
takwa.chaabane286@prospects.tn,website_visit,web,155,2026-05-18T01:00:00Z
takwa.chaabane286@prospects.tn,website_visit,web,113,2026-05-26T13:00:00Z
dorra.tlili287@prospects.tn,form_submit,web,301,2026-06-02T00:00:00Z
dorra.tlili287@prospects.tn,form_submit,web,203,2026-06-01T08:00:00Z
dorra.tlili287@prospects.tn,form_submit,web,370,2026-06-02T11:00:00Z
dorra.tlili287@prospects.tn,website_visit,web,66,2026-06-02T09:00:00Z
dorra.tlili287@prospects.tn,website_visit,web,235,2026-06-01T03:00:00Z
anis.gabsi288@prospects.tn,website_visit,web,337,2026-06-01T00:00:00Z
anis.gabsi288@prospects.tn,website_visit,web,395,2026-05-31T01:00:00Z
seif.karoui289@prospects.tn,meeting,physical,3154,2026-05-21T00:00:00Z
seif.karoui289@prospects.tn,meeting,physical,1934,2026-05-15T16:00:00Z
seif.karoui289@prospects.tn,form_submit,web,346,2026-04-13T05:00:00Z
seif.karoui289@prospects.tn,form_submit,web,237,2026-05-20T08:00:00Z
seif.karoui289@prospects.tn,email_opened,email,113,2026-04-20T09:00:00Z
seif.karoui289@prospects.tn,email_opened,email,134,2026-04-14T18:00:00Z
seif.karoui289@prospects.tn,email_opened,email,181,2026-04-15T22:00:00Z
seif.karoui289@prospects.tn,email_opened,email,50,2026-04-24T23:00:00Z
seif.karoui289@prospects.tn,website_visit,web,481,2026-05-07T15:00:00Z
seif.karoui289@prospects.tn,website_visit,web,238,2026-05-16T16:00:00Z
seif.karoui289@prospects.tn,website_visit,web,49,2026-04-16T05:00:00Z
seif.karoui289@prospects.tn,website_visit,web,262,2026-05-10T16:00:00Z
seif.karoui289@prospects.tn,website_visit,web,229,2026-05-06T17:00:00Z
fares.limam290@prospects.tn,website_visit,web,451,2026-01-27T00:00:00Z
fares.limam290@prospects.tn,website_visit,web,127,2025-11-29T22:00:00Z
takwa.gabsi291@prospects.tn,meeting,physical,1760,2026-05-30T00:00:00Z
takwa.gabsi291@prospects.tn,meeting,physical,3089,2026-04-21T11:00:00Z
takwa.gabsi291@prospects.tn,meeting,physical,1375,2026-05-05T23:00:00Z
takwa.gabsi291@prospects.tn,meeting,physical,905,2026-05-08T05:00:00Z
takwa.gabsi291@prospects.tn,meeting,physical,3556,2026-05-07T00:00:00Z
takwa.gabsi291@prospects.tn,form_submit,web,237,2026-05-25T21:00:00Z
takwa.gabsi291@prospects.tn,form_submit,web,383,2026-05-28T03:00:00Z
takwa.gabsi291@prospects.tn,form_submit,web,369,2026-05-15T20:00:00Z
takwa.gabsi291@prospects.tn,email_opened,email,114,2026-05-07T20:00:00Z
takwa.gabsi291@prospects.tn,email_opened,email,103,2026-05-29T17:00:00Z
takwa.gabsi291@prospects.tn,email_opened,email,41,2026-05-04T14:00:00Z
takwa.gabsi291@prospects.tn,email_opened,email,200,2026-05-05T10:00:00Z
takwa.gabsi291@prospects.tn,email_opened,email,160,2026-05-08T06:00:00Z
takwa.gabsi291@prospects.tn,email_opened,email,87,2026-05-28T20:00:00Z
takwa.gabsi291@prospects.tn,email_opened,email,54,2026-05-16T04:00:00Z
takwa.gabsi291@prospects.tn,website_visit,web,224,2026-05-19T07:00:00Z
takwa.gabsi291@prospects.tn,website_visit,web,474,2026-05-18T11:00:00Z
takwa.gabsi291@prospects.tn,website_visit,web,328,2026-04-30T15:00:00Z
takwa.gabsi291@prospects.tn,website_visit,web,165,2026-04-26T15:00:00Z
takwa.gabsi291@prospects.tn,website_visit,web,181,2026-05-02T14:00:00Z
takwa.gabsi291@prospects.tn,website_visit,web,44,2026-05-02T05:00:00Z
takwa.gabsi291@prospects.tn,website_visit,web,335,2026-05-03T18:00:00Z
skander.jelassi292@prospects.tn,form_submit,web,329,2026-05-25T00:00:00Z
skander.jelassi292@prospects.tn,email_opened,email,55,2026-02-24T20:00:00Z
skander.jelassi292@prospects.tn,email_opened,email,23,2026-02-28T04:00:00Z
skander.jelassi292@prospects.tn,email_opened,email,174,2026-03-26T02:00:00Z
skander.jelassi292@prospects.tn,email_opened,email,45,2026-03-29T04:00:00Z
skander.jelassi292@prospects.tn,website_visit,web,208,2026-05-14T19:00:00Z
skander.jelassi292@prospects.tn,website_visit,web,211,2026-02-24T00:00:00Z
skander.jelassi292@prospects.tn,website_visit,web,25,2026-03-08T17:00:00Z
skander.jelassi292@prospects.tn,website_visit,web,71,2026-04-07T22:00:00Z
chedi.brahmi294@prospects.tn,meeting,physical,2475,2026-01-21T00:00:00Z
chedi.brahmi294@prospects.tn,form_submit,web,117,2025-12-06T03:00:00Z
chedi.brahmi294@prospects.tn,form_submit,web,311,2025-12-14T11:00:00Z
chedi.brahmi294@prospects.tn,website_visit,web,101,2025-11-17T19:00:00Z
chedi.brahmi294@prospects.tn,website_visit,web,71,2025-12-20T03:00:00Z
chaima.mejri295@prospects.tn,email_opened,email,147,2026-03-17T00:00:00Z
chaima.mejri295@prospects.tn,email_opened,email,189,2026-03-17T22:00:00Z
chaima.mejri295@prospects.tn,website_visit,web,203,2026-03-16T00:00:00Z
jihen.guesmi296@prospects.tn,form_submit,web,153,2026-02-28T00:00:00Z
fares.dridi297@prospects.tn,meeting,physical,3086,2026-01-06T00:00:00Z
fares.dridi297@prospects.tn,email_opened,email,146,2026-01-05T12:00:00Z
fares.dridi297@prospects.tn,website_visit,web,287,2026-01-05T18:00:00Z
iheb.elloumi298@prospects.tn,meeting,physical,1470,2026-05-28T00:00:00Z
iheb.elloumi298@prospects.tn,form_submit,web,210,2026-05-22T22:00:00Z
iheb.elloumi298@prospects.tn,email_opened,email,137,2026-03-12T12:00:00Z
iheb.elloumi298@prospects.tn,email_opened,email,56,2026-05-26T00:00:00Z
iheb.elloumi298@prospects.tn,email_opened,email,161,2026-05-22T13:00:00Z
iheb.elloumi298@prospects.tn,email_opened,email,127,2026-04-10T01:00:00Z
iheb.elloumi298@prospects.tn,website_visit,web,139,2026-05-22T03:00:00Z
iheb.elloumi298@prospects.tn,website_visit,web,122,2026-05-17T18:00:00Z
iheb.elloumi298@prospects.tn,website_visit,web,438,2026-03-03T15:00:00Z
iheb.elloumi298@prospects.tn,website_visit,web,129,2026-05-09T05:00:00Z
iheb.elloumi298@prospects.tn,website_visit,web,43,2026-02-25T04:00:00Z
iheb.elloumi298@prospects.tn,website_visit,web,397,2026-04-09T04:00:00Z
iheb.elloumi298@prospects.tn,website_visit,web,85,2026-03-04T07:00:00Z
iheb.elloumi298@prospects.tn,website_visit,web,75,2026-03-03T00:00:00Z
mariem.nasri299@prospects.tn,meeting,physical,1145,2026-05-30T00:00:00Z
mariem.nasri299@prospects.tn,meeting,physical,3531,2026-05-16T17:00:00Z
mariem.nasri299@prospects.tn,form_submit,web,76,2026-05-03T18:00:00Z
mariem.nasri299@prospects.tn,email_opened,email,174,2026-05-19T09:00:00Z
mariem.nasri299@prospects.tn,email_opened,email,64,2026-05-01T13:00:00Z
mariem.nasri299@prospects.tn,email_opened,email,148,2026-04-27T08:00:00Z
mariem.nasri299@prospects.tn,email_opened,email,61,2026-04-22T16:00:00Z
mariem.nasri299@prospects.tn,email_opened,email,22,2026-05-11T04:00:00Z
mariem.nasri299@prospects.tn,website_visit,web,217,2026-04-30T12:00:00Z
mariem.nasri299@prospects.tn,website_visit,web,441,2026-05-26T01:00:00Z
mariem.nasri299@prospects.tn,website_visit,web,231,2026-05-01T12:00:00Z
mariem.nasri299@prospects.tn,website_visit,web,363,2026-04-28T23:00:00Z
amani.sassi301@prospects.tn,meeting,physical,3235,2026-05-25T00:00:00Z
amani.sassi301@prospects.tn,form_submit,web,349,2026-04-21T09:00:00Z
amani.sassi301@prospects.tn,email_opened,email,31,2026-04-16T11:00:00Z
amani.sassi301@prospects.tn,email_opened,email,164,2026-05-04T12:00:00Z
amani.sassi301@prospects.tn,email_opened,email,143,2026-05-18T06:00:00Z
amani.sassi301@prospects.tn,website_visit,web,38,2026-05-06T12:00:00Z
amani.sassi301@prospects.tn,website_visit,web,39,2026-05-08T04:00:00Z
amani.sassi301@prospects.tn,website_visit,web,176,2026-04-22T10:00:00Z
iheb.daldoul302@prospects.tn,email_opened,email,79,2026-06-02T00:00:00Z
iheb.daldoul302@prospects.tn,email_opened,email,75,2026-06-01T22:00:00Z
karim.daldoul303@prospects.tn,meeting,physical,1755,2026-05-11T00:00:00Z
karim.daldoul303@prospects.tn,meeting,physical,3400,2026-03-11T04:00:00Z
karim.daldoul303@prospects.tn,meeting,physical,3385,2026-04-29T09:00:00Z
karim.daldoul303@prospects.tn,website_visit,web,53,2026-04-15T02:00:00Z
karim.daldoul303@prospects.tn,website_visit,web,93,2026-04-11T03:00:00Z
karim.daldoul303@prospects.tn,website_visit,web,305,2026-04-09T10:00:00Z
karim.daldoul303@prospects.tn,website_visit,web,336,2026-03-21T09:00:00Z
karim.daldoul303@prospects.tn,website_visit,web,269,2026-03-21T02:00:00Z
karim.daldoul303@prospects.tn,website_visit,web,64,2026-03-28T18:00:00Z
karim.daldoul303@prospects.tn,website_visit,web,427,2026-04-03T11:00:00Z
firas.aouadi304@prospects.tn,meeting,physical,2388,2026-05-12T00:00:00Z
firas.aouadi304@prospects.tn,meeting,physical,2074,2026-05-05T16:00:00Z
firas.aouadi304@prospects.tn,meeting,physical,2542,2026-05-04T11:00:00Z
firas.aouadi304@prospects.tn,email_opened,email,124,2026-04-26T21:00:00Z
firas.aouadi304@prospects.tn,website_visit,web,453,2026-05-07T16:00:00Z
firas.aouadi304@prospects.tn,website_visit,web,332,2026-05-08T08:00:00Z
firas.aouadi304@prospects.tn,website_visit,web,484,2026-04-25T19:00:00Z
firas.aouadi304@prospects.tn,website_visit,web,363,2026-04-25T23:00:00Z
firas.aouadi304@prospects.tn,website_visit,web,81,2026-05-01T22:00:00Z
firas.aouadi304@prospects.tn,website_visit,web,240,2026-05-11T00:00:00Z
jihen.brahmi305@prospects.tn,meeting,physical,1251,2026-05-22T00:00:00Z
jihen.brahmi305@prospects.tn,email_opened,email,66,2026-04-30T02:00:00Z
jihen.brahmi305@prospects.tn,email_opened,email,47,2026-04-29T10:00:00Z
jihen.brahmi305@prospects.tn,email_opened,email,121,2026-05-17T15:00:00Z
jihen.brahmi305@prospects.tn,email_opened,email,130,2026-04-22T22:00:00Z
jihen.brahmi305@prospects.tn,email_opened,email,71,2026-05-09T03:00:00Z
jihen.brahmi305@prospects.tn,website_visit,web,220,2026-04-26T14:00:00Z
chedi.feki306@prospects.tn,meeting,physical,993,2026-05-20T00:00:00Z
chedi.feki306@prospects.tn,meeting,physical,2632,2026-05-15T13:00:00Z
chedi.feki306@prospects.tn,meeting,physical,2005,2026-05-20T06:00:00Z
chedi.feki306@prospects.tn,form_submit,web,189,2026-05-03T05:00:00Z
chedi.feki306@prospects.tn,email_opened,email,182,2026-04-20T02:00:00Z
chedi.feki306@prospects.tn,email_opened,email,65,2026-05-14T10:00:00Z
chedi.feki306@prospects.tn,email_opened,email,41,2026-05-06T05:00:00Z
chedi.feki306@prospects.tn,email_opened,email,56,2026-04-29T11:00:00Z
chedi.feki306@prospects.tn,email_opened,email,37,2026-05-13T15:00:00Z
chedi.feki306@prospects.tn,email_opened,email,90,2026-05-17T17:00:00Z
chedi.feki306@prospects.tn,email_opened,email,123,2026-04-27T22:00:00Z
chedi.feki306@prospects.tn,email_opened,email,40,2026-05-14T11:00:00Z
chedi.feki306@prospects.tn,website_visit,web,167,2026-05-11T00:00:00Z
hamza.karoui307@prospects.tn,email_opened,email,147,2026-06-03T00:00:00Z
hamza.karoui307@prospects.tn,email_opened,email,101,2026-06-03T08:00:00Z
hamza.karoui307@prospects.tn,email_opened,email,49,2026-06-02T14:00:00Z
hamza.karoui307@prospects.tn,website_visit,web,420,2026-06-02T20:00:00Z
hamza.karoui307@prospects.tn,website_visit,web,360,2026-06-03T20:00:00Z
seif.brahmi308@prospects.tn,website_visit,web,204,2026-03-19T00:00:00Z
seif.brahmi308@prospects.tn,website_visit,web,431,2026-03-19T00:00:00Z
yosr.tlili309@prospects.tn,website_visit,web,206,2026-03-06T00:00:00Z
lina.gabsi310@prospects.tn,meeting,physical,1325,2026-05-30T00:00:00Z
lina.gabsi310@prospects.tn,meeting,physical,1267,2026-02-23T21:00:00Z
lina.gabsi310@prospects.tn,email_opened,email,186,2026-03-28T13:00:00Z
lina.gabsi310@prospects.tn,email_opened,email,24,2026-03-18T07:00:00Z
lina.gabsi310@prospects.tn,email_opened,email,177,2026-05-29T14:00:00Z
lina.gabsi310@prospects.tn,email_opened,email,125,2026-04-30T12:00:00Z
lina.gabsi310@prospects.tn,email_opened,email,46,2026-03-05T06:00:00Z
lina.gabsi310@prospects.tn,email_opened,email,147,2026-04-20T03:00:00Z
lina.gabsi310@prospects.tn,email_opened,email,179,2026-04-04T14:00:00Z
lina.gabsi310@prospects.tn,email_opened,email,159,2026-04-12T20:00:00Z
lina.gabsi310@prospects.tn,email_opened,email,45,2026-05-20T23:00:00Z
lina.gabsi310@prospects.tn,email_opened,email,182,2026-04-10T00:00:00Z
lina.gabsi310@prospects.tn,email_opened,email,133,2026-04-07T07:00:00Z
lina.gabsi310@prospects.tn,website_visit,web,272,2026-04-24T09:00:00Z
lina.gabsi310@prospects.tn,website_visit,web,312,2026-03-25T21:00:00Z
lina.gabsi310@prospects.tn,website_visit,web,427,2026-03-24T09:00:00Z
iheb.naffati311@prospects.tn,meeting,physical,2503,2026-05-22T00:00:00Z
iheb.naffati311@prospects.tn,meeting,physical,1689,2026-05-11T12:00:00Z
iheb.naffati311@prospects.tn,form_submit,web,375,2026-05-16T16:00:00Z
iheb.naffati311@prospects.tn,form_submit,web,389,2026-05-11T13:00:00Z
iheb.naffati311@prospects.tn,email_opened,email,120,2026-05-13T03:00:00Z
iheb.naffati311@prospects.tn,email_opened,email,33,2026-05-10T16:00:00Z
iheb.naffati311@prospects.tn,email_opened,email,167,2026-05-09T20:00:00Z
iheb.naffati311@prospects.tn,email_opened,email,129,2026-05-18T20:00:00Z
iheb.naffati311@prospects.tn,website_visit,web,80,2026-05-14T17:00:00Z
iheb.naffati311@prospects.tn,website_visit,web,495,2026-05-11T10:00:00Z
iheb.naffati311@prospects.tn,website_visit,web,340,2026-05-12T02:00:00Z
iheb.naffati311@prospects.tn,website_visit,web,214,2026-05-08T00:00:00Z
iheb.naffati311@prospects.tn,website_visit,web,387,2026-05-19T00:00:00Z
seif.guesmi312@prospects.tn,meeting,physical,1808,2026-05-16T00:00:00Z
seif.guesmi312@prospects.tn,meeting,physical,2116,2026-05-13T18:00:00Z
seif.guesmi312@prospects.tn,meeting,physical,1693,2026-05-16T03:00:00Z
seif.guesmi312@prospects.tn,meeting,physical,3093,2026-05-04T14:00:00Z
seif.guesmi312@prospects.tn,email_opened,email,82,2026-05-12T03:00:00Z
seif.guesmi312@prospects.tn,email_opened,email,116,2026-05-04T04:00:00Z
seif.guesmi312@prospects.tn,email_opened,email,86,2026-05-07T08:00:00Z
seif.guesmi312@prospects.tn,website_visit,web,352,2026-05-05T02:00:00Z
seif.guesmi312@prospects.tn,website_visit,web,41,2026-05-04T15:00:00Z
seif.guesmi312@prospects.tn,website_visit,web,155,2026-05-16T11:00:00Z
seif.guesmi312@prospects.tn,website_visit,web,57,2026-05-16T06:00:00Z
seif.guesmi312@prospects.tn,website_visit,web,493,2026-05-09T03:00:00Z
seif.guesmi312@prospects.tn,website_visit,web,88,2026-05-10T00:00:00Z
seif.guesmi312@prospects.tn,website_visit,web,336,2026-05-09T02:00:00Z
seif.guesmi312@prospects.tn,website_visit,web,26,2026-05-10T20:00:00Z
emna.larbi313@prospects.tn,meeting,physical,2304,2026-05-22T00:00:00Z
emna.larbi313@prospects.tn,meeting,physical,2320,2026-05-16T04:00:00Z
emna.larbi313@prospects.tn,meeting,physical,2882,2026-03-07T11:00:00Z
emna.larbi313@prospects.tn,form_submit,web,374,2026-02-22T06:00:00Z
emna.larbi313@prospects.tn,form_submit,web,367,2026-02-11T10:00:00Z
emna.larbi313@prospects.tn,form_submit,web,339,2026-02-25T07:00:00Z
emna.larbi313@prospects.tn,email_opened,email,21,2026-02-18T23:00:00Z
emna.larbi313@prospects.tn,email_opened,email,60,2026-05-07T04:00:00Z
emna.larbi313@prospects.tn,email_opened,email,153,2026-03-14T08:00:00Z
emna.larbi313@prospects.tn,email_opened,email,85,2026-04-10T06:00:00Z
emna.larbi313@prospects.tn,email_opened,email,51,2026-02-19T11:00:00Z
emna.larbi313@prospects.tn,email_opened,email,69,2026-05-09T17:00:00Z
emna.larbi313@prospects.tn,email_opened,email,175,2026-05-02T09:00:00Z
emna.larbi313@prospects.tn,website_visit,web,30,2026-04-08T23:00:00Z
emna.larbi313@prospects.tn,website_visit,web,289,2026-05-22T15:00:00Z
emna.larbi313@prospects.tn,website_visit,web,26,2026-04-04T16:00:00Z
emna.larbi313@prospects.tn,website_visit,web,280,2026-03-31T06:00:00Z
emna.larbi313@prospects.tn,website_visit,web,277,2026-03-12T05:00:00Z
marwen.rekik314@prospects.tn,email_opened,email,179,2026-06-03T00:00:00Z
marwen.rekik314@prospects.tn,email_opened,email,47,2026-05-29T06:00:00Z
marwen.rekik314@prospects.tn,email_opened,email,175,2026-06-01T11:00:00Z
marwen.rekik314@prospects.tn,website_visit,web,211,2026-05-28T20:00:00Z
emna.selmi315@prospects.tn,form_submit,web,225,2026-05-31T00:00:00Z
emna.selmi315@prospects.tn,website_visit,web,234,2026-05-30T11:00:00Z
emna.selmi315@prospects.tn,website_visit,web,419,2026-05-30T02:00:00Z
nour.ghali316@prospects.tn,meeting,physical,3364,2026-05-31T00:00:00Z
nour.ghali316@prospects.tn,meeting,physical,1769,2026-03-29T18:00:00Z
nour.ghali316@prospects.tn,meeting,physical,3059,2026-05-12T21:00:00Z
nour.ghali316@prospects.tn,meeting,physical,1790,2026-05-14T10:00:00Z
nour.ghali316@prospects.tn,email_opened,email,46,2026-04-29T06:00:00Z
nour.ghali316@prospects.tn,email_opened,email,163,2026-04-14T01:00:00Z
nour.ghali316@prospects.tn,email_opened,email,91,2026-05-22T15:00:00Z
nour.ghali316@prospects.tn,email_opened,email,175,2026-03-25T08:00:00Z
nour.ghali316@prospects.tn,website_visit,web,499,2026-05-12T03:00:00Z
nour.ghali316@prospects.tn,website_visit,web,467,2026-04-04T14:00:00Z
nour.ghali316@prospects.tn,website_visit,web,428,2026-04-10T19:00:00Z
nour.ghali316@prospects.tn,website_visit,web,455,2026-04-30T18:00:00Z
fares.naffati317@prospects.tn,email_opened,email,30,2026-06-04T00:00:00Z
fares.naffati317@prospects.tn,email_opened,email,106,2026-06-01T03:00:00Z
fares.naffati317@prospects.tn,website_visit,web,345,2026-05-30T23:00:00Z
fares.naffati317@prospects.tn,website_visit,web,23,2026-05-26T08:00:00Z
fares.naffati317@prospects.tn,website_visit,web,50,2026-05-27T11:00:00Z
hela.mejri318@prospects.tn,meeting,physical,1095,2026-01-16T00:00:00Z
hela.mejri318@prospects.tn,meeting,physical,942,2025-12-30T07:00:00Z
hela.mejri318@prospects.tn,meeting,physical,1468,2025-11-26T02:00:00Z
hela.mejri318@prospects.tn,website_visit,web,68,2025-11-29T23:00:00Z
hela.mejri318@prospects.tn,website_visit,web,180,2025-12-22T17:00:00Z
hela.mejri318@prospects.tn,website_visit,web,456,2025-11-05T22:00:00Z
dorra.oueslati319@prospects.tn,meeting,physical,1391,2026-06-02T00:00:00Z
dorra.oueslati319@prospects.tn,meeting,physical,1417,2026-04-19T15:00:00Z
dorra.oueslati319@prospects.tn,form_submit,web,223,2026-04-30T15:00:00Z
dorra.oueslati319@prospects.tn,form_submit,web,135,2026-03-12T10:00:00Z
dorra.oueslati319@prospects.tn,form_submit,web,359,2026-05-14T23:00:00Z
dorra.oueslati319@prospects.tn,email_opened,email,125,2026-04-07T07:00:00Z
dorra.oueslati319@prospects.tn,email_opened,email,183,2026-02-16T08:00:00Z
dorra.oueslati319@prospects.tn,email_opened,email,134,2026-05-14T09:00:00Z
dorra.oueslati319@prospects.tn,email_opened,email,191,2026-05-07T02:00:00Z
dorra.oueslati319@prospects.tn,website_visit,web,77,2026-03-22T17:00:00Z
dorra.oueslati319@prospects.tn,website_visit,web,282,2026-05-22T07:00:00Z
dorra.oueslati319@prospects.tn,website_visit,web,285,2026-04-30T20:00:00Z
dorra.oueslati319@prospects.tn,website_visit,web,138,2026-05-10T06:00:00Z
emna.aouadi320@prospects.tn,email_opened,email,136,2026-06-04T00:00:00Z
emna.aouadi320@prospects.tn,email_opened,email,187,2026-05-24T07:00:00Z
emna.aouadi320@prospects.tn,email_opened,email,59,2026-05-31T12:00:00Z
emna.aouadi320@prospects.tn,website_visit,web,449,2026-06-03T19:00:00Z
emna.aouadi320@prospects.tn,website_visit,web,273,2026-05-26T12:00:00Z
emna.aouadi320@prospects.tn,website_visit,web,69,2026-05-26T02:00:00Z
emna.aouadi320@prospects.tn,website_visit,web,483,2026-05-28T13:00:00Z
karim.tlili321@prospects.tn,meeting,physical,1987,2026-05-14T00:00:00Z
karim.tlili321@prospects.tn,form_submit,web,120,2026-05-07T13:00:00Z
karim.tlili321@prospects.tn,email_opened,email,160,2026-05-08T10:00:00Z
karim.tlili321@prospects.tn,email_opened,email,41,2026-03-10T14:00:00Z
karim.tlili321@prospects.tn,email_opened,email,110,2026-04-07T11:00:00Z
karim.tlili321@prospects.tn,website_visit,web,235,2026-03-16T01:00:00Z
karim.tlili321@prospects.tn,website_visit,web,123,2026-04-21T23:00:00Z
karim.tlili321@prospects.tn,website_visit,web,92,2026-04-27T06:00:00Z
karim.tlili321@prospects.tn,website_visit,web,218,2026-04-10T06:00:00Z
hela.jelassi322@prospects.tn,website_visit,web,137,2026-05-31T00:00:00Z
emna.feki323@prospects.tn,meeting,physical,2323,2026-05-26T00:00:00Z
emna.feki323@prospects.tn,meeting,physical,3508,2026-05-04T03:00:00Z
emna.feki323@prospects.tn,form_submit,web,207,2026-05-09T16:00:00Z
emna.feki323@prospects.tn,website_visit,web,376,2026-05-26T19:00:00Z
emna.feki323@prospects.tn,website_visit,web,320,2026-05-19T23:00:00Z
emna.feki323@prospects.tn,website_visit,web,162,2026-05-13T22:00:00Z
rania.haddad324@prospects.tn,form_submit,web,64,2026-05-26T00:00:00Z
rania.haddad324@prospects.tn,form_submit,web,364,2026-05-25T15:00:00Z
rania.haddad324@prospects.tn,website_visit,web,195,2026-05-25T15:00:00Z
rania.haddad324@prospects.tn,website_visit,web,257,2026-05-25T01:00:00Z
rania.haddad324@prospects.tn,website_visit,web,313,2026-05-25T18:00:00Z
nidhal.jaziri326@prospects.tn,meeting,physical,2580,2026-05-25T00:00:00Z
nidhal.jaziri326@prospects.tn,form_submit,web,172,2026-05-07T23:00:00Z
nidhal.jaziri326@prospects.tn,website_visit,web,352,2026-05-15T13:00:00Z
nidhal.jaziri326@prospects.tn,website_visit,web,87,2026-04-24T06:00:00Z
nidhal.jaziri326@prospects.tn,website_visit,web,197,2026-05-18T02:00:00Z
nidhal.jaziri326@prospects.tn,website_visit,web,269,2026-04-13T12:00:00Z
nidhal.jaziri326@prospects.tn,website_visit,web,30,2026-05-11T03:00:00Z
nidhal.jaziri326@prospects.tn,website_visit,web,140,2026-04-18T20:00:00Z
donia.selmi327@prospects.tn,meeting,physical,1403,2026-02-21T00:00:00Z
donia.selmi327@prospects.tn,website_visit,web,236,2026-01-24T11:00:00Z
donia.selmi327@prospects.tn,website_visit,web,422,2025-12-19T03:00:00Z
donia.selmi327@prospects.tn,website_visit,web,247,2025-11-14T15:00:00Z
jihen.ayari328@prospects.tn,form_submit,web,310,2026-02-18T00:00:00Z
jihen.ayari328@prospects.tn,form_submit,web,216,2026-02-18T21:00:00Z
jihen.ayari328@prospects.tn,website_visit,web,17,2026-02-17T01:00:00Z
jihen.ayari328@prospects.tn,website_visit,web,235,2026-02-18T04:00:00Z
bassem.sfar329@prospects.tn,meeting,physical,2838,2026-05-19T00:00:00Z
bassem.sfar329@prospects.tn,meeting,physical,2352,2026-04-22T10:00:00Z
bassem.sfar329@prospects.tn,form_submit,web,187,2026-05-08T18:00:00Z
bassem.sfar329@prospects.tn,form_submit,web,386,2026-02-12T21:00:00Z
bassem.sfar329@prospects.tn,email_opened,email,118,2026-05-04T06:00:00Z
bassem.sfar329@prospects.tn,email_opened,email,128,2026-02-27T04:00:00Z
bassem.sfar329@prospects.tn,email_opened,email,122,2026-03-20T17:00:00Z
bassem.sfar329@prospects.tn,email_opened,email,45,2026-02-20T09:00:00Z
bassem.sfar329@prospects.tn,email_opened,email,86,2026-03-06T02:00:00Z
bassem.sfar329@prospects.tn,email_opened,email,97,2026-03-05T18:00:00Z
bassem.sfar329@prospects.tn,website_visit,web,320,2026-04-16T14:00:00Z
bassem.sfar329@prospects.tn,website_visit,web,174,2026-04-05T05:00:00Z
bassem.sfar329@prospects.tn,website_visit,web,103,2026-03-15T13:00:00Z
bassem.sfar329@prospects.tn,website_visit,web,303,2026-02-07T04:00:00Z
bassem.sfar329@prospects.tn,website_visit,web,238,2026-04-03T14:00:00Z
zied.daldoul330@prospects.tn,form_submit,web,214,2026-05-12T00:00:00Z
zied.daldoul330@prospects.tn,email_opened,email,82,2026-05-01T09:00:00Z
zied.daldoul330@prospects.tn,email_opened,email,168,2026-02-24T12:00:00Z
zied.daldoul330@prospects.tn,website_visit,web,277,2026-03-06T12:00:00Z
zied.daldoul330@prospects.tn,website_visit,web,206,2026-02-18T14:00:00Z
zied.daldoul330@prospects.tn,website_visit,web,80,2026-04-25T14:00:00Z
zied.daldoul330@prospects.tn,website_visit,web,332,2026-02-24T02:00:00Z
zied.daldoul330@prospects.tn,website_visit,web,293,2026-02-25T08:00:00Z
ghada.zouari331@prospects.tn,form_submit,web,133,2026-06-03T00:00:00Z
ghada.zouari331@prospects.tn,email_opened,email,163,2026-05-20T09:00:00Z
ghada.zouari331@prospects.tn,email_opened,email,146,2026-05-25T23:00:00Z
ghada.zouari331@prospects.tn,website_visit,web,84,2026-05-16T15:00:00Z
ghada.zouari331@prospects.tn,website_visit,web,129,2026-05-22T03:00:00Z
ghada.zouari331@prospects.tn,website_visit,web,473,2026-05-18T00:00:00Z
jihen.chaabane332@prospects.tn,form_submit,web,193,2026-05-31T00:00:00Z
jihen.chaabane332@prospects.tn,email_opened,email,176,2026-04-10T05:00:00Z
jihen.chaabane332@prospects.tn,email_opened,email,194,2026-05-15T23:00:00Z
jihen.chaabane332@prospects.tn,email_opened,email,132,2026-05-19T06:00:00Z
jihen.chaabane332@prospects.tn,email_opened,email,188,2026-05-10T15:00:00Z
jihen.chaabane332@prospects.tn,email_opened,email,177,2026-04-17T09:00:00Z
jihen.chaabane332@prospects.tn,email_opened,email,51,2026-03-23T18:00:00Z
jihen.chaabane332@prospects.tn,email_opened,email,130,2026-05-13T11:00:00Z
jihen.chaabane332@prospects.tn,website_visit,web,89,2026-04-15T12:00:00Z
jihen.chaabane332@prospects.tn,website_visit,web,340,2026-04-29T22:00:00Z
jihen.chaabane332@prospects.tn,website_visit,web,26,2026-03-24T14:00:00Z
jihen.chaabane332@prospects.tn,website_visit,web,109,2026-05-03T13:00:00Z
jihen.chaabane332@prospects.tn,website_visit,web,87,2026-03-29T00:00:00Z
wassim.ayari333@prospects.tn,form_submit,web,201,2026-06-02T00:00:00Z
wassim.ayari333@prospects.tn,email_opened,email,22,2026-06-01T11:00:00Z
wassim.ayari333@prospects.tn,email_opened,email,60,2026-06-02T16:00:00Z
wassim.ayari333@prospects.tn,email_opened,email,111,2026-06-01T05:00:00Z
wassim.ayari333@prospects.tn,website_visit,web,271,2026-06-01T11:00:00Z
mariem.zouari334@prospects.tn,meeting,physical,3259,2026-05-24T00:00:00Z
mariem.zouari334@prospects.tn,meeting,physical,2976,2026-05-23T04:00:00Z
mariem.zouari334@prospects.tn,email_opened,email,188,2026-05-23T18:00:00Z
mariem.zouari334@prospects.tn,website_visit,web,284,2026-05-23T18:00:00Z
walid.limam335@prospects.tn,form_submit,web,149,2026-06-04T00:00:00Z
walid.limam335@prospects.tn,email_opened,email,118,2026-06-02T19:00:00Z
walid.limam335@prospects.tn,website_visit,web,401,2026-06-03T03:00:00Z
walid.limam335@prospects.tn,website_visit,web,230,2026-06-02T23:00:00Z
walid.limam335@prospects.tn,website_visit,web,487,2026-06-02T14:00:00Z
walid.limam335@prospects.tn,website_visit,web,47,2026-06-03T19:00:00Z
bilel.jelassi336@prospects.tn,email_opened,email,155,2026-06-03T00:00:00Z
bilel.jelassi336@prospects.tn,website_visit,web,429,2026-05-28T02:00:00Z
bilel.jelassi336@prospects.tn,website_visit,web,419,2026-06-03T00:00:00Z
ghada.larbi337@prospects.tn,meeting,physical,1749,2026-05-31T00:00:00Z
ghada.larbi337@prospects.tn,meeting,physical,3236,2026-05-06T02:00:00Z
ghada.larbi337@prospects.tn,email_opened,email,141,2026-05-16T13:00:00Z
ghada.larbi337@prospects.tn,email_opened,email,148,2026-05-22T12:00:00Z
ghada.larbi337@prospects.tn,email_opened,email,110,2026-05-29T02:00:00Z
ghada.larbi337@prospects.tn,email_opened,email,111,2026-05-20T02:00:00Z
ghada.larbi337@prospects.tn,website_visit,web,331,2026-05-06T16:00:00Z
ghada.larbi337@prospects.tn,website_visit,web,475,2026-05-11T03:00:00Z
ghada.larbi337@prospects.tn,website_visit,web,301,2026-05-05T15:00:00Z
ghada.larbi337@prospects.tn,website_visit,web,451,2026-05-09T01:00:00Z
sirine.feki338@prospects.tn,meeting,physical,3020,2026-06-04T00:00:00Z
sirine.feki338@prospects.tn,email_opened,email,176,2026-05-24T08:00:00Z
sirine.feki338@prospects.tn,email_opened,email,148,2026-03-28T01:00:00Z
sirine.feki338@prospects.tn,email_opened,email,99,2026-05-07T13:00:00Z
sirine.feki338@prospects.tn,email_opened,email,122,2026-04-27T06:00:00Z
sirine.feki338@prospects.tn,email_opened,email,178,2026-05-06T01:00:00Z
sirine.feki338@prospects.tn,website_visit,web,44,2026-04-11T06:00:00Z
sirine.feki338@prospects.tn,website_visit,web,294,2026-06-03T23:00:00Z
sirine.feki338@prospects.tn,website_visit,web,372,2026-05-06T21:00:00Z
sirine.feki338@prospects.tn,website_visit,web,471,2026-04-01T07:00:00Z
sirine.feki338@prospects.tn,website_visit,web,71,2026-05-27T02:00:00Z
sirine.feki338@prospects.tn,website_visit,web,313,2026-03-29T11:00:00Z
emna.nasri339@prospects.tn,form_submit,web,304,2026-05-11T00:00:00Z
emna.nasri339@prospects.tn,email_opened,email,97,2026-04-18T21:00:00Z
emna.nasri339@prospects.tn,email_opened,email,78,2026-03-03T17:00:00Z
emna.nasri339@prospects.tn,email_opened,email,25,2026-05-01T01:00:00Z
emna.nasri339@prospects.tn,website_visit,web,491,2026-04-19T12:00:00Z
emna.nasri339@prospects.tn,website_visit,web,43,2026-03-17T13:00:00Z
emna.nasri339@prospects.tn,website_visit,web,28,2026-04-24T17:00:00Z
emna.nasri339@prospects.tn,website_visit,web,411,2026-03-18T03:00:00Z
emna.nasri339@prospects.tn,website_visit,web,415,2026-04-26T03:00:00Z
emna.nasri339@prospects.tn,website_visit,web,430,2026-04-17T11:00:00Z
emna.nasri339@prospects.tn,website_visit,web,115,2026-03-25T10:00:00Z
emna.nasri339@prospects.tn,website_visit,web,288,2026-04-25T01:00:00Z
rania.mabrouk340@prospects.tn,email_opened,email,34,2026-05-16T00:00:00Z
rania.mabrouk340@prospects.tn,email_opened,email,52,2026-05-15T07:00:00Z
rania.mabrouk340@prospects.tn,email_opened,email,132,2026-05-09T04:00:00Z
rania.mabrouk340@prospects.tn,email_opened,email,66,2026-05-14T12:00:00Z
rania.mabrouk340@prospects.tn,website_visit,web,159,2026-05-12T21:00:00Z
rania.mabrouk340@prospects.tn,website_visit,web,37,2026-05-06T21:00:00Z
rania.mabrouk340@prospects.tn,website_visit,web,175,2026-05-06T02:00:00Z
rania.mabrouk340@prospects.tn,website_visit,web,194,2026-05-09T17:00:00Z
rania.mabrouk340@prospects.tn,website_visit,web,323,2026-05-08T15:00:00Z
bassem.mabrouk341@prospects.tn,form_submit,web,270,2026-05-12T00:00:00Z
bassem.mabrouk341@prospects.tn,form_submit,web,378,2026-03-29T16:00:00Z
bassem.mabrouk341@prospects.tn,form_submit,web,308,2026-04-04T09:00:00Z
bassem.mabrouk341@prospects.tn,email_opened,email,91,2026-05-07T17:00:00Z
bassem.mabrouk341@prospects.tn,email_opened,email,40,2026-04-03T03:00:00Z
bassem.mabrouk341@prospects.tn,email_opened,email,72,2026-04-13T23:00:00Z
walid.hamdi343@prospects.tn,meeting,physical,3393,2026-06-03T00:00:00Z
walid.hamdi343@prospects.tn,meeting,physical,2277,2026-06-01T13:00:00Z
walid.hamdi343@prospects.tn,meeting,physical,1975,2026-05-07T23:00:00Z
walid.hamdi343@prospects.tn,meeting,physical,3320,2026-03-21T03:00:00Z
walid.hamdi343@prospects.tn,email_opened,email,75,2026-05-23T12:00:00Z
walid.hamdi343@prospects.tn,email_opened,email,27,2026-04-19T17:00:00Z
walid.hamdi343@prospects.tn,email_opened,email,107,2026-05-12T13:00:00Z
walid.hamdi343@prospects.tn,website_visit,web,386,2026-05-26T23:00:00Z
walid.hamdi343@prospects.tn,website_visit,web,439,2026-05-25T16:00:00Z
sabri.haddad344@prospects.tn,meeting,physical,2516,2026-05-21T00:00:00Z
sabri.haddad344@prospects.tn,form_submit,web,79,2026-04-10T14:00:00Z
sabri.haddad344@prospects.tn,form_submit,web,375,2026-05-17T00:00:00Z
sabri.haddad344@prospects.tn,form_submit,web,200,2026-05-14T00:00:00Z
sabri.haddad344@prospects.tn,form_submit,web,245,2026-05-17T01:00:00Z
sabri.haddad344@prospects.tn,form_submit,web,197,2026-05-03T15:00:00Z
sabri.haddad344@prospects.tn,email_opened,email,188,2026-04-15T13:00:00Z
sabri.haddad344@prospects.tn,email_opened,email,84,2026-03-26T18:00:00Z
sabri.haddad344@prospects.tn,email_opened,email,187,2026-03-29T08:00:00Z
sabri.haddad344@prospects.tn,email_opened,email,175,2026-04-28T02:00:00Z
sabri.haddad344@prospects.tn,email_opened,email,23,2026-05-14T05:00:00Z
sabri.haddad344@prospects.tn,email_opened,email,51,2026-04-21T08:00:00Z
sabri.haddad344@prospects.tn,website_visit,web,172,2026-04-21T15:00:00Z
sabri.haddad344@prospects.tn,website_visit,web,306,2026-04-04T07:00:00Z
sabri.haddad344@prospects.tn,website_visit,web,353,2026-04-10T04:00:00Z
sabri.haddad344@prospects.tn,website_visit,web,179,2026-03-25T07:00:00Z
sabri.haddad344@prospects.tn,website_visit,web,443,2026-04-02T20:00:00Z
sabri.haddad344@prospects.tn,website_visit,web,150,2026-03-23T05:00:00Z
yassine.selmi345@prospects.tn,meeting,physical,3359,2026-05-24T00:00:00Z
yassine.selmi345@prospects.tn,meeting,physical,1861,2026-03-17T16:00:00Z
yassine.selmi345@prospects.tn,meeting,physical,2332,2026-03-12T07:00:00Z
yassine.selmi345@prospects.tn,website_visit,web,70,2026-03-29T10:00:00Z
yassine.selmi345@prospects.tn,website_visit,web,54,2026-05-15T11:00:00Z
yassine.selmi345@prospects.tn,website_visit,web,274,2026-04-25T02:00:00Z
yassine.selmi345@prospects.tn,website_visit,web,242,2026-05-24T13:00:00Z
wassim.guesmi346@prospects.tn,form_submit,web,136,2026-03-22T00:00:00Z
wassim.guesmi346@prospects.tn,website_visit,web,481,2026-03-21T03:00:00Z
wassim.guesmi346@prospects.tn,website_visit,web,317,2026-03-21T10:00:00Z
yassine.daldoul347@prospects.tn,email_opened,email,148,2026-05-24T00:00:00Z
yassine.daldoul347@prospects.tn,email_opened,email,167,2026-05-23T17:00:00Z
yassine.daldoul347@prospects.tn,website_visit,web,337,2026-05-18T16:00:00Z
yassine.daldoul347@prospects.tn,website_visit,web,295,2026-05-17T19:00:00Z
rim.elloumi348@prospects.tn,website_visit,web,242,2025-12-15T00:00:00Z
iheb.ghali349@prospects.tn,meeting,physical,2569,2026-05-23T00:00:00Z
iheb.ghali349@prospects.tn,meeting,physical,3295,2026-05-19T13:00:00Z
iheb.ghali349@prospects.tn,meeting,physical,1465,2026-05-22T04:00:00Z
iheb.ghali349@prospects.tn,meeting,physical,3380,2026-05-21T20:00:00Z
iheb.ghali349@prospects.tn,form_submit,web,193,2026-05-12T05:00:00Z
iheb.ghali349@prospects.tn,email_opened,email,93,2026-05-20T00:00:00Z
iheb.ghali349@prospects.tn,email_opened,email,107,2026-05-11T03:00:00Z
iheb.ghali349@prospects.tn,email_opened,email,100,2026-05-19T08:00:00Z
iheb.ghali349@prospects.tn,website_visit,web,75,2026-05-23T22:00:00Z
iheb.ghali349@prospects.tn,website_visit,web,56,2026-05-21T23:00:00Z
ghada.ferchichi350@prospects.tn,form_submit,web,210,2026-03-20T00:00:00Z
ghada.ferchichi350@prospects.tn,website_visit,web,75,2026-03-20T18:00:00Z
ghada.ferchichi350@prospects.tn,website_visit,web,187,2026-03-19T23:00:00Z
chedi.aouadi351@prospects.tn,meeting,physical,1243,2026-05-23T00:00:00Z
chedi.aouadi351@prospects.tn,form_submit,web,137,2026-05-05T14:00:00Z
chedi.aouadi351@prospects.tn,email_opened,email,21,2026-03-31T10:00:00Z
chedi.aouadi351@prospects.tn,email_opened,email,171,2026-04-08T05:00:00Z
chedi.aouadi351@prospects.tn,email_opened,email,171,2026-04-17T23:00:00Z
chedi.aouadi351@prospects.tn,website_visit,web,204,2026-04-27T08:00:00Z
chedi.aouadi351@prospects.tn,website_visit,web,360,2026-05-20T03:00:00Z
oussama.tlili352@prospects.tn,email_opened,email,73,2026-01-09T00:00:00Z
oussama.tlili352@prospects.tn,website_visit,web,235,2025-12-24T08:00:00Z
mariem.yahyaoui353@prospects.tn,form_submit,web,202,2026-03-03T00:00:00Z
mariem.yahyaoui353@prospects.tn,website_visit,web,87,2026-03-02T17:00:00Z
mariem.yahyaoui353@prospects.tn,website_visit,web,64,2026-03-02T00:00:00Z
sirine.khelifi354@prospects.tn,form_submit,web,211,2026-05-27T00:00:00Z
sirine.khelifi354@prospects.tn,form_submit,web,116,2026-05-25T13:00:00Z
sirine.khelifi354@prospects.tn,email_opened,email,200,2026-05-25T08:00:00Z
sirine.khelifi354@prospects.tn,website_visit,web,485,2026-05-19T04:00:00Z
sirine.khelifi354@prospects.tn,website_visit,web,447,2026-05-22T23:00:00Z
sirine.khelifi354@prospects.tn,website_visit,web,76,2026-05-19T11:00:00Z
firas.mabrouk355@prospects.tn,meeting,physical,3035,2026-06-02T00:00:00Z
firas.mabrouk355@prospects.tn,form_submit,web,222,2026-02-03T07:00:00Z
firas.mabrouk355@prospects.tn,email_opened,email,68,2026-02-19T18:00:00Z
firas.mabrouk355@prospects.tn,email_opened,email,162,2026-03-22T07:00:00Z
firas.mabrouk355@prospects.tn,email_opened,email,189,2026-04-29T06:00:00Z
firas.mabrouk355@prospects.tn,website_visit,web,443,2026-03-07T15:00:00Z
firas.mabrouk355@prospects.tn,website_visit,web,464,2026-02-21T15:00:00Z
firas.mabrouk355@prospects.tn,website_visit,web,335,2026-05-17T05:00:00Z
firas.mabrouk355@prospects.tn,website_visit,web,33,2026-05-06T15:00:00Z
firas.mabrouk355@prospects.tn,website_visit,web,500,2026-03-10T04:00:00Z
firas.mabrouk355@prospects.tn,website_visit,web,339,2026-02-27T20:00:00Z
firas.mabrouk355@prospects.tn,website_visit,web,336,2026-05-25T02:00:00Z
aymen.larbi356@prospects.tn,meeting,physical,3590,2026-03-28T00:00:00Z
lina.tlili357@prospects.tn,website_visit,web,243,2026-05-29T00:00:00Z
lina.tlili357@prospects.tn,website_visit,web,181,2026-05-29T03:00:00Z
lina.tlili357@prospects.tn,website_visit,web,141,2026-05-28T14:00:00Z
lina.tlili357@prospects.tn,website_visit,web,354,2026-05-29T21:00:00Z
hatem.dridi358@prospects.tn,meeting,physical,2575,2026-05-23T00:00:00Z
hatem.dridi358@prospects.tn,meeting,physical,1149,2026-04-28T01:00:00Z
hatem.dridi358@prospects.tn,meeting,physical,3203,2026-03-17T14:00:00Z
hatem.dridi358@prospects.tn,meeting,physical,2223,2026-03-30T07:00:00Z
hatem.dridi358@prospects.tn,meeting,physical,1971,2026-04-20T05:00:00Z
hatem.dridi358@prospects.tn,meeting,physical,2200,2026-04-15T06:00:00Z
hatem.dridi358@prospects.tn,form_submit,web,270,2026-05-16T20:00:00Z
hatem.dridi358@prospects.tn,form_submit,web,260,2026-02-20T19:00:00Z
hatem.dridi358@prospects.tn,form_submit,web,286,2026-04-25T10:00:00Z
hatem.dridi358@prospects.tn,email_opened,email,128,2026-02-22T19:00:00Z
hatem.dridi358@prospects.tn,email_opened,email,122,2026-04-16T00:00:00Z
hatem.dridi358@prospects.tn,email_opened,email,86,2026-05-09T00:00:00Z
hatem.dridi358@prospects.tn,website_visit,web,482,2026-05-19T12:00:00Z
hatem.dridi358@prospects.tn,website_visit,web,42,2026-02-17T22:00:00Z
hatem.dridi358@prospects.tn,website_visit,web,152,2026-03-20T11:00:00Z
hatem.dridi358@prospects.tn,website_visit,web,263,2026-05-15T17:00:00Z
hatem.dridi358@prospects.tn,website_visit,web,387,2026-02-14T20:00:00Z
hatem.dridi358@prospects.tn,website_visit,web,127,2026-02-12T16:00:00Z
hatem.dridi358@prospects.tn,website_visit,web,188,2026-03-04T11:00:00Z
donia.karoui359@prospects.tn,website_visit,web,401,2026-05-31T00:00:00Z
donia.karoui359@prospects.tn,website_visit,web,496,2026-05-30T16:00:00Z
hela.chaouch360@prospects.tn,email_opened,email,41,2026-06-04T00:00:00Z
hela.chaouch360@prospects.tn,email_opened,email,39,2026-06-04T00:00:00Z
hela.chaouch360@prospects.tn,website_visit,web,52,2026-06-03T23:00:00Z
donia.guesmi361@prospects.tn,meeting,physical,2092,2026-03-04T00:00:00Z
donia.guesmi361@prospects.tn,website_visit,web,234,2026-03-04T15:00:00Z
donia.guesmi361@prospects.tn,website_visit,web,62,2026-03-04T22:00:00Z
donia.guesmi361@prospects.tn,website_visit,web,128,2026-03-03T12:00:00Z
donia.guesmi361@prospects.tn,website_visit,web,223,2026-03-03T15:00:00Z
hela.ghali362@prospects.tn,meeting,physical,3480,2026-05-17T00:00:00Z
hela.ghali362@prospects.tn,meeting,physical,1242,2026-04-27T15:00:00Z
hela.ghali362@prospects.tn,meeting,physical,1290,2026-04-15T23:00:00Z
hela.ghali362@prospects.tn,form_submit,web,347,2026-04-21T07:00:00Z
hela.ghali362@prospects.tn,email_opened,email,63,2026-02-15T15:00:00Z
hela.ghali362@prospects.tn,email_opened,email,73,2026-03-12T13:00:00Z
hela.ghali362@prospects.tn,email_opened,email,145,2026-03-19T23:00:00Z
hela.ghali362@prospects.tn,website_visit,web,318,2026-03-23T04:00:00Z
hela.ghali362@prospects.tn,website_visit,web,142,2026-02-12T10:00:00Z
hela.ghali362@prospects.tn,website_visit,web,57,2026-05-07T18:00:00Z
hela.ghali362@prospects.tn,website_visit,web,87,2026-04-25T13:00:00Z
hela.ghali362@prospects.tn,website_visit,web,221,2026-02-08T08:00:00Z
nour.gabsi363@prospects.tn,website_visit,web,373,2026-05-27T00:00:00Z
emna.hamdi364@prospects.tn,meeting,physical,3140,2026-06-04T00:00:00Z
emna.hamdi364@prospects.tn,form_submit,web,274,2026-05-07T16:00:00Z
emna.hamdi364@prospects.tn,form_submit,web,264,2026-05-10T19:00:00Z
emna.hamdi364@prospects.tn,email_opened,email,22,2026-05-13T18:00:00Z
emna.hamdi364@prospects.tn,email_opened,email,95,2026-05-31T05:00:00Z
emna.hamdi364@prospects.tn,email_opened,email,50,2026-04-29T09:00:00Z
emna.hamdi364@prospects.tn,website_visit,web,237,2026-05-23T21:00:00Z
emna.hamdi364@prospects.tn,website_visit,web,165,2026-05-03T19:00:00Z
emna.hamdi364@prospects.tn,website_visit,web,383,2026-06-04T11:00:00Z
emna.hamdi364@prospects.tn,website_visit,web,487,2026-05-23T19:00:00Z
emna.hamdi364@prospects.tn,website_visit,web,465,2026-05-06T15:00:00Z
emna.hamdi364@prospects.tn,website_visit,web,361,2026-05-19T06:00:00Z
amani.ferchichi365@prospects.tn,email_opened,email,137,2026-05-18T00:00:00Z
amani.ferchichi365@prospects.tn,email_opened,email,104,2026-05-14T05:00:00Z
amani.ferchichi365@prospects.tn,email_opened,email,44,2026-04-27T11:00:00Z
amani.ferchichi365@prospects.tn,website_visit,web,46,2026-05-15T17:00:00Z
amani.ferchichi365@prospects.tn,website_visit,web,334,2026-05-02T11:00:00Z
amani.ferchichi365@prospects.tn,website_visit,web,254,2026-05-15T00:00:00Z
marwen.rekik366@prospects.tn,email_opened,email,59,2026-05-08T00:00:00Z
marwen.rekik366@prospects.tn,email_opened,email,46,2026-04-28T03:00:00Z
marwen.rekik366@prospects.tn,website_visit,web,389,2026-04-14T16:00:00Z
marwen.rekik366@prospects.tn,website_visit,web,125,2026-04-28T20:00:00Z
marwen.rekik366@prospects.tn,website_visit,web,158,2026-05-04T12:00:00Z
marwen.rekik366@prospects.tn,website_visit,web,106,2026-04-20T18:00:00Z
marwen.rekik366@prospects.tn,website_visit,web,149,2026-05-04T18:00:00Z
sirine.rekik367@prospects.tn,meeting,physical,2224,2026-05-16T00:00:00Z
sirine.rekik367@prospects.tn,email_opened,email,39,2026-03-28T03:00:00Z
sirine.rekik367@prospects.tn,email_opened,email,33,2026-02-22T17:00:00Z
sirine.rekik367@prospects.tn,email_opened,email,55,2026-03-14T12:00:00Z
sirine.rekik367@prospects.tn,email_opened,email,150,2026-05-02T12:00:00Z
sirine.rekik367@prospects.tn,email_opened,email,132,2026-04-23T15:00:00Z
sirine.rekik367@prospects.tn,website_visit,web,232,2026-03-09T09:00:00Z
sirine.rekik367@prospects.tn,website_visit,web,355,2026-05-10T16:00:00Z
sirine.rekik367@prospects.tn,website_visit,web,256,2026-03-04T16:00:00Z
sirine.rekik367@prospects.tn,website_visit,web,182,2026-02-02T19:00:00Z
sirine.rekik367@prospects.tn,website_visit,web,169,2026-05-10T06:00:00Z
karim.rekik368@prospects.tn,meeting,physical,2317,2026-05-30T00:00:00Z
karim.rekik368@prospects.tn,email_opened,email,128,2026-03-10T12:00:00Z
karim.rekik368@prospects.tn,website_visit,web,124,2026-04-02T05:00:00Z
karim.rekik368@prospects.tn,website_visit,web,330,2026-05-20T00:00:00Z
karim.rekik368@prospects.tn,website_visit,web,301,2026-03-11T14:00:00Z
karim.rekik368@prospects.tn,website_visit,web,463,2026-04-01T16:00:00Z
karim.rekik368@prospects.tn,website_visit,web,486,2026-03-10T00:00:00Z
seif.tlili369@prospects.tn,email_opened,email,180,2026-06-03T00:00:00Z
seif.tlili369@prospects.tn,email_opened,email,34,2026-06-01T19:00:00Z
seif.tlili369@prospects.tn,website_visit,web,307,2026-06-01T15:00:00Z
seif.tlili369@prospects.tn,website_visit,web,436,2026-05-27T15:00:00Z
seif.tlili369@prospects.tn,website_visit,web,30,2026-06-02T03:00:00Z
chedi.ghali370@prospects.tn,meeting,physical,1299,2026-05-15T00:00:00Z
chedi.ghali370@prospects.tn,meeting,physical,3128,2026-05-15T05:00:00Z
chedi.ghali370@prospects.tn,form_submit,web,202,2026-05-15T23:00:00Z
chedi.ghali370@prospects.tn,email_opened,email,69,2026-05-14T16:00:00Z
chedi.ghali370@prospects.tn,email_opened,email,187,2026-05-13T21:00:00Z
chedi.ghali370@prospects.tn,email_opened,email,177,2026-05-14T13:00:00Z
chedi.ghali370@prospects.tn,email_opened,email,24,2026-05-15T21:00:00Z
chedi.ghali370@prospects.tn,email_opened,email,105,2026-05-13T02:00:00Z
chedi.ghali370@prospects.tn,email_opened,email,192,2026-05-13T16:00:00Z
chedi.ghali370@prospects.tn,website_visit,web,449,2026-05-13T23:00:00Z
chedi.ghali370@prospects.tn,website_visit,web,475,2026-05-14T02:00:00Z
chedi.ghali370@prospects.tn,website_visit,web,177,2026-05-13T14:00:00Z
chedi.ghali370@prospects.tn,website_visit,web,474,2026-05-13T08:00:00Z
sirine.karoui371@prospects.tn,form_submit,web,297,2025-12-23T00:00:00Z
sirine.karoui371@prospects.tn,email_opened,email,42,2025-11-25T02:00:00Z
lina.mejri372@prospects.tn,form_submit,web,388,2026-02-09T00:00:00Z
lina.mejri372@prospects.tn,form_submit,web,157,2026-02-09T05:00:00Z
lina.mejri372@prospects.tn,form_submit,web,127,2026-02-09T04:00:00Z
lina.mejri372@prospects.tn,form_submit,web,218,2026-02-09T13:00:00Z
lina.mejri372@prospects.tn,website_visit,web,42,2026-02-08T06:00:00Z
lina.mejri372@prospects.tn,website_visit,web,209,2026-02-09T06:00:00Z
lina.sfar373@prospects.tn,meeting,physical,3103,2026-05-21T00:00:00Z
lina.sfar373@prospects.tn,meeting,physical,3229,2026-04-08T16:00:00Z
lina.sfar373@prospects.tn,meeting,physical,1762,2026-04-16T08:00:00Z
lina.sfar373@prospects.tn,form_submit,web,282,2026-04-16T14:00:00Z
lina.sfar373@prospects.tn,form_submit,web,237,2026-04-19T01:00:00Z
lina.sfar373@prospects.tn,form_submit,web,390,2026-04-10T16:00:00Z
lina.sfar373@prospects.tn,email_opened,email,194,2026-05-15T20:00:00Z
lina.sfar373@prospects.tn,email_opened,email,93,2026-04-14T15:00:00Z
lina.sfar373@prospects.tn,website_visit,web,121,2026-04-11T14:00:00Z
lina.sfar373@prospects.tn,website_visit,web,190,2026-05-10T10:00:00Z
lina.sfar373@prospects.tn,website_visit,web,373,2026-04-26T18:00:00Z
lina.sfar373@prospects.tn,website_visit,web,272,2026-04-27T21:00:00Z
lina.sfar373@prospects.tn,website_visit,web,297,2026-05-10T01:00:00Z
lina.sfar373@prospects.tn,website_visit,web,439,2026-04-23T22:00:00Z
lina.sfar373@prospects.tn,website_visit,web,395,2026-04-09T20:00:00Z
lina.sfar373@prospects.tn,website_visit,web,421,2026-04-25T00:00:00Z
lina.sfar373@prospects.tn,website_visit,web,152,2026-04-13T13:00:00Z
rim.zouari374@prospects.tn,email_opened,email,141,2026-03-12T00:00:00Z
rim.zouari374@prospects.tn,website_visit,web,442,2026-01-31T08:00:00Z
chaima.zouari375@prospects.tn,email_opened,email,61,2025-12-25T00:00:00Z
chaima.zouari375@prospects.tn,website_visit,web,277,2025-12-13T19:00:00Z
chaima.zouari375@prospects.tn,website_visit,web,100,2025-12-06T18:00:00Z
ines.ferchichi376@prospects.tn,meeting,physical,1604,2026-05-24T00:00:00Z
ines.ferchichi376@prospects.tn,form_submit,web,214,2026-03-19T13:00:00Z
ines.ferchichi376@prospects.tn,email_opened,email,98,2026-03-04T23:00:00Z
ines.ferchichi376@prospects.tn,email_opened,email,40,2026-03-24T04:00:00Z
ines.ferchichi376@prospects.tn,email_opened,email,67,2026-05-19T17:00:00Z
ines.ferchichi376@prospects.tn,website_visit,web,135,2026-04-09T00:00:00Z
ines.ferchichi376@prospects.tn,website_visit,web,454,2026-04-23T05:00:00Z
bassem.brahmi377@prospects.tn,meeting,physical,2537,2026-05-17T00:00:00Z
bassem.brahmi377@prospects.tn,meeting,physical,2239,2026-03-18T07:00:00Z
bassem.brahmi377@prospects.tn,meeting,physical,2059,2026-05-12T19:00:00Z
bassem.brahmi377@prospects.tn,form_submit,web,277,2026-03-28T07:00:00Z
bassem.brahmi377@prospects.tn,form_submit,web,365,2026-04-09T11:00:00Z
bassem.brahmi377@prospects.tn,form_submit,web,261,2026-04-07T16:00:00Z
bassem.brahmi377@prospects.tn,email_opened,email,156,2026-05-08T00:00:00Z
bassem.brahmi377@prospects.tn,email_opened,email,38,2026-04-25T19:00:00Z
bassem.brahmi377@prospects.tn,website_visit,web,192,2026-05-04T12:00:00Z
bassem.brahmi377@prospects.tn,website_visit,web,265,2026-05-14T02:00:00Z
bassem.brahmi377@prospects.tn,website_visit,web,357,2026-04-27T07:00:00Z
bassem.brahmi377@prospects.tn,website_visit,web,394,2026-03-25T15:00:00Z
bassem.brahmi377@prospects.tn,website_visit,web,315,2026-03-29T01:00:00Z
nour.tlili378@prospects.tn,email_opened,email,121,2026-06-03T00:00:00Z
nour.tlili378@prospects.tn,website_visit,web,364,2026-05-30T03:00:00Z
nidhal.mejri379@prospects.tn,meeting,physical,1123,2026-06-01T00:00:00Z
nidhal.mejri379@prospects.tn,form_submit,web,215,2026-05-30T12:00:00Z
nidhal.mejri379@prospects.tn,form_submit,web,277,2026-04-02T04:00:00Z
nidhal.mejri379@prospects.tn,form_submit,web,192,2026-03-23T10:00:00Z
nidhal.mejri379@prospects.tn,form_submit,web,384,2026-04-25T06:00:00Z
nidhal.mejri379@prospects.tn,email_opened,email,49,2026-05-27T19:00:00Z
nidhal.mejri379@prospects.tn,email_opened,email,174,2026-05-20T13:00:00Z
nidhal.mejri379@prospects.tn,email_opened,email,135,2026-03-29T14:00:00Z
nidhal.mejri379@prospects.tn,email_opened,email,148,2026-04-28T01:00:00Z
nidhal.mejri379@prospects.tn,email_opened,email,115,2026-04-07T15:00:00Z
nidhal.mejri379@prospects.tn,email_opened,email,141,2026-05-20T11:00:00Z
nidhal.mejri379@prospects.tn,email_opened,email,105,2026-03-29T19:00:00Z
nidhal.mejri379@prospects.tn,email_opened,email,156,2026-05-09T08:00:00Z
nidhal.mejri379@prospects.tn,email_opened,email,113,2026-05-16T10:00:00Z
nidhal.mejri379@prospects.tn,website_visit,web,72,2026-04-29T00:00:00Z
nidhal.mejri379@prospects.tn,website_visit,web,417,2026-05-31T08:00:00Z
nidhal.mejri379@prospects.tn,website_visit,web,106,2026-04-14T09:00:00Z
nidhal.mejri379@prospects.tn,website_visit,web,232,2026-05-07T13:00:00Z
bilel.selmi380@prospects.tn,meeting,physical,2665,2026-05-26T00:00:00Z
bilel.selmi380@prospects.tn,form_submit,web,200,2026-04-01T12:00:00Z
bilel.selmi380@prospects.tn,form_submit,web,236,2026-04-27T23:00:00Z
bilel.selmi380@prospects.tn,form_submit,web,294,2026-03-31T10:00:00Z
bilel.selmi380@prospects.tn,email_opened,email,196,2026-05-24T20:00:00Z
bilel.selmi380@prospects.tn,email_opened,email,178,2026-05-12T09:00:00Z
bilel.selmi380@prospects.tn,email_opened,email,82,2026-04-22T12:00:00Z
bilel.selmi380@prospects.tn,email_opened,email,154,2026-03-27T05:00:00Z
bilel.selmi380@prospects.tn,email_opened,email,165,2026-05-25T23:00:00Z
bilel.selmi380@prospects.tn,email_opened,email,137,2026-04-11T23:00:00Z
bilel.selmi380@prospects.tn,email_opened,email,30,2026-05-06T23:00:00Z
bilel.selmi380@prospects.tn,email_opened,email,39,2026-05-21T02:00:00Z
bilel.selmi380@prospects.tn,website_visit,web,182,2026-05-18T13:00:00Z
bilel.selmi380@prospects.tn,website_visit,web,205,2026-05-26T03:00:00Z
bilel.selmi380@prospects.tn,website_visit,web,34,2026-05-15T06:00:00Z
bilel.selmi380@prospects.tn,website_visit,web,90,2026-05-01T08:00:00Z
bilel.selmi380@prospects.tn,website_visit,web,326,2026-04-14T19:00:00Z
bilel.selmi380@prospects.tn,website_visit,web,385,2026-04-27T17:00:00Z
bilel.selmi380@prospects.tn,website_visit,web,341,2026-05-19T07:00:00Z
bilel.selmi380@prospects.tn,website_visit,web,430,2026-05-09T01:00:00Z
bilel.selmi380@prospects.tn,website_visit,web,466,2026-04-18T18:00:00Z
rim.larbi381@prospects.tn,website_visit,web,227,2026-01-26T00:00:00Z
rim.larbi381@prospects.tn,website_visit,web,351,2025-12-14T08:00:00Z
takwa.ayari382@prospects.tn,meeting,physical,2493,2026-05-25T00:00:00Z
takwa.ayari382@prospects.tn,meeting,physical,2848,2026-04-09T08:00:00Z
takwa.ayari382@prospects.tn,form_submit,web,345,2026-04-11T01:00:00Z
takwa.ayari382@prospects.tn,form_submit,web,66,2026-05-14T18:00:00Z
takwa.ayari382@prospects.tn,form_submit,web,235,2026-03-01T20:00:00Z
takwa.ayari382@prospects.tn,form_submit,web,234,2026-04-22T17:00:00Z
takwa.ayari382@prospects.tn,form_submit,web,223,2026-04-04T02:00:00Z
takwa.ayari382@prospects.tn,form_submit,web,237,2026-03-17T23:00:00Z
takwa.ayari382@prospects.tn,email_opened,email,133,2026-04-27T11:00:00Z
takwa.ayari382@prospects.tn,email_opened,email,58,2026-03-29T09:00:00Z
takwa.ayari382@prospects.tn,email_opened,email,138,2026-03-31T14:00:00Z
takwa.ayari382@prospects.tn,email_opened,email,147,2026-05-16T14:00:00Z
takwa.ayari382@prospects.tn,website_visit,web,122,2026-02-22T04:00:00Z
takwa.ayari382@prospects.tn,website_visit,web,287,2026-05-09T18:00:00Z
takwa.ayari382@prospects.tn,website_visit,web,372,2026-03-12T19:00:00Z
takwa.ayari382@prospects.tn,website_visit,web,102,2026-04-05T18:00:00Z
takwa.ayari382@prospects.tn,website_visit,web,359,2026-04-15T13:00:00Z
bilel.sfar383@prospects.tn,meeting,physical,1631,2026-05-24T00:00:00Z
bilel.sfar383@prospects.tn,form_submit,web,141,2026-05-21T19:00:00Z
bilel.sfar383@prospects.tn,email_opened,email,122,2026-05-20T10:00:00Z
bilel.sfar383@prospects.tn,email_opened,email,160,2026-05-24T11:00:00Z
bilel.sfar383@prospects.tn,email_opened,email,124,2026-05-23T03:00:00Z
bilel.sfar383@prospects.tn,website_visit,web,195,2026-05-23T21:00:00Z
bilel.sfar383@prospects.tn,website_visit,web,399,2026-05-23T20:00:00Z
bilel.sfar383@prospects.tn,website_visit,web,126,2026-05-20T16:00:00Z
donia.feki384@prospects.tn,meeting,physical,3587,2026-05-27T00:00:00Z
donia.feki384@prospects.tn,meeting,physical,1605,2026-05-05T07:00:00Z
donia.feki384@prospects.tn,email_opened,email,194,2026-04-04T19:00:00Z
donia.feki384@prospects.tn,email_opened,email,45,2026-05-05T16:00:00Z
donia.feki384@prospects.tn,email_opened,email,118,2026-04-01T19:00:00Z
donia.feki384@prospects.tn,email_opened,email,168,2026-05-02T23:00:00Z
donia.feki384@prospects.tn,email_opened,email,187,2026-04-22T00:00:00Z
donia.feki384@prospects.tn,email_opened,email,127,2026-04-16T19:00:00Z
donia.feki384@prospects.tn,website_visit,web,229,2026-04-11T05:00:00Z
donia.feki384@prospects.tn,website_visit,web,225,2026-05-02T20:00:00Z
donia.feki384@prospects.tn,website_visit,web,111,2026-04-26T21:00:00Z
donia.feki384@prospects.tn,website_visit,web,340,2026-04-01T11:00:00Z
donia.feki384@prospects.tn,website_visit,web,29,2026-03-28T23:00:00Z
sirine.hamdi385@prospects.tn,meeting,physical,1165,2026-05-27T00:00:00Z
sirine.hamdi385@prospects.tn,email_opened,email,27,2026-05-25T14:00:00Z
sirine.hamdi385@prospects.tn,email_opened,email,72,2026-05-21T21:00:00Z
sirine.hamdi385@prospects.tn,website_visit,web,310,2026-05-27T14:00:00Z
rania.jelassi386@prospects.tn,meeting,physical,3028,2026-05-27T00:00:00Z
rania.jelassi386@prospects.tn,email_opened,email,140,2026-05-26T17:00:00Z
rania.jelassi386@prospects.tn,email_opened,email,118,2026-05-21T22:00:00Z
rania.jelassi386@prospects.tn,website_visit,web,51,2026-05-27T19:00:00Z
rania.jelassi386@prospects.tn,website_visit,web,415,2026-05-26T17:00:00Z
rania.jelassi386@prospects.tn,website_visit,web,228,2026-05-26T00:00:00Z
rania.jelassi386@prospects.tn,website_visit,web,148,2026-05-24T15:00:00Z
dorra.sfar387@prospects.tn,meeting,physical,1357,2026-05-08T00:00:00Z
dorra.sfar387@prospects.tn,meeting,physical,1592,2026-04-02T10:00:00Z
dorra.sfar387@prospects.tn,meeting,physical,2401,2026-05-07T22:00:00Z
dorra.sfar387@prospects.tn,form_submit,web,271,2026-03-31T14:00:00Z
dorra.sfar387@prospects.tn,form_submit,web,396,2026-04-27T07:00:00Z
dorra.sfar387@prospects.tn,email_opened,email,106,2026-04-12T10:00:00Z
dorra.sfar387@prospects.tn,email_opened,email,56,2026-04-14T22:00:00Z
dorra.sfar387@prospects.tn,website_visit,web,482,2026-04-24T10:00:00Z
dorra.sfar387@prospects.tn,website_visit,web,139,2026-04-24T22:00:00Z
dorra.sfar387@prospects.tn,website_visit,web,422,2026-04-12T18:00:00Z
dorra.sfar387@prospects.tn,website_visit,web,262,2026-04-13T19:00:00Z
dorra.sfar387@prospects.tn,website_visit,web,122,2026-03-29T04:00:00Z
dorra.sfar387@prospects.tn,website_visit,web,150,2026-04-05T16:00:00Z
jihen.sfar389@prospects.tn,meeting,physical,3433,2026-05-23T00:00:00Z
jihen.sfar389@prospects.tn,meeting,physical,1597,2026-02-08T15:00:00Z
jihen.sfar389@prospects.tn,meeting,physical,2309,2026-05-11T12:00:00Z
jihen.sfar389@prospects.tn,meeting,physical,3537,2026-01-18T21:00:00Z
jihen.sfar389@prospects.tn,form_submit,web,139,2026-05-18T02:00:00Z
jihen.sfar389@prospects.tn,form_submit,web,360,2026-03-01T07:00:00Z
jihen.sfar389@prospects.tn,form_submit,web,316,2026-02-25T06:00:00Z
jihen.sfar389@prospects.tn,email_opened,email,100,2026-02-14T04:00:00Z
jihen.sfar389@prospects.tn,email_opened,email,153,2026-02-21T19:00:00Z
jihen.sfar389@prospects.tn,email_opened,email,115,2026-04-26T23:00:00Z
jihen.sfar389@prospects.tn,email_opened,email,116,2026-04-28T03:00:00Z
jihen.sfar389@prospects.tn,website_visit,web,458,2026-04-10T06:00:00Z
jihen.sfar389@prospects.tn,website_visit,web,489,2026-03-03T15:00:00Z
jihen.sfar389@prospects.tn,website_visit,web,263,2026-03-16T18:00:00Z
jihen.sfar389@prospects.tn,website_visit,web,346,2026-05-13T20:00:00Z
jihen.sfar389@prospects.tn,website_visit,web,101,2026-05-13T00:00:00Z
jihen.sfar389@prospects.tn,website_visit,web,460,2026-05-04T23:00:00Z
jihen.sfar389@prospects.tn,website_visit,web,283,2026-05-05T16:00:00Z
jihen.sfar389@prospects.tn,website_visit,web,261,2026-05-11T07:00:00Z
marwen.ghali390@prospects.tn,meeting,physical,3221,2026-06-02T00:00:00Z
marwen.ghali390@prospects.tn,form_submit,web,327,2026-05-19T22:00:00Z
marwen.ghali390@prospects.tn,form_submit,web,186,2026-04-19T05:00:00Z
marwen.ghali390@prospects.tn,email_opened,email,82,2026-02-25T19:00:00Z
marwen.ghali390@prospects.tn,email_opened,email,85,2026-03-26T17:00:00Z
marwen.ghali390@prospects.tn,email_opened,email,66,2026-03-27T02:00:00Z
marwen.ghali390@prospects.tn,email_opened,email,196,2026-05-26T06:00:00Z
marwen.ghali390@prospects.tn,email_opened,email,186,2026-05-24T02:00:00Z
marwen.ghali390@prospects.tn,website_visit,web,454,2026-03-08T16:00:00Z
marwen.ghali390@prospects.tn,website_visit,web,140,2026-03-30T01:00:00Z
marwen.ghali390@prospects.tn,website_visit,web,131,2026-03-18T07:00:00Z
rania.issaoui391@prospects.tn,meeting,physical,3314,2026-05-17T00:00:00Z
rania.issaoui391@prospects.tn,meeting,physical,1780,2026-03-26T20:00:00Z
rania.issaoui391@prospects.tn,meeting,physical,3350,2026-02-22T18:00:00Z
rania.issaoui391@prospects.tn,meeting,physical,2895,2026-05-12T20:00:00Z
rania.issaoui391@prospects.tn,email_opened,email,96,2026-04-17T14:00:00Z
rania.issaoui391@prospects.tn,email_opened,email,165,2026-01-29T08:00:00Z
rania.issaoui391@prospects.tn,email_opened,email,22,2026-05-05T13:00:00Z
rania.issaoui391@prospects.tn,email_opened,email,168,2026-04-15T08:00:00Z
rania.issaoui391@prospects.tn,email_opened,email,130,2026-04-02T20:00:00Z
rania.issaoui391@prospects.tn,website_visit,web,455,2026-02-20T10:00:00Z
rania.issaoui391@prospects.tn,website_visit,web,478,2026-04-03T15:00:00Z
rania.issaoui391@prospects.tn,website_visit,web,72,2026-04-04T09:00:00Z
rania.issaoui391@prospects.tn,website_visit,web,383,2026-04-21T09:00:00Z
sabri.feki392@prospects.tn,meeting,physical,1568,2026-05-30T00:00:00Z
lina.aouadi393@prospects.tn,meeting,physical,2955,2026-05-21T00:00:00Z
lina.aouadi393@prospects.tn,meeting,physical,2150,2026-02-27T10:00:00Z
lina.aouadi393@prospects.tn,form_submit,web,223,2026-02-28T06:00:00Z
lina.aouadi393@prospects.tn,email_opened,email,155,2026-05-17T12:00:00Z
lina.aouadi393@prospects.tn,email_opened,email,140,2026-05-19T05:00:00Z
lina.aouadi393@prospects.tn,email_opened,email,46,2026-02-28T19:00:00Z
lina.aouadi393@prospects.tn,website_visit,web,365,2026-05-03T05:00:00Z
lina.aouadi393@prospects.tn,website_visit,web,168,2026-03-21T16:00:00Z
lina.aouadi393@prospects.tn,website_visit,web,489,2026-04-09T20:00:00Z
lina.aouadi393@prospects.tn,website_visit,web,327,2026-04-25T13:00:00Z
lina.aouadi393@prospects.tn,website_visit,web,122,2026-05-18T23:00:00Z
lina.aouadi393@prospects.tn,website_visit,web,307,2026-03-14T07:00:00Z
lina.aouadi393@prospects.tn,website_visit,web,359,2026-03-13T15:00:00Z
yosr.ghali394@prospects.tn,meeting,physical,2348,2026-02-19T00:00:00Z
yosr.ghali394@prospects.tn,meeting,physical,3545,2026-02-18T14:00:00Z
takwa.sassi395@prospects.tn,meeting,physical,2702,2026-05-29T00:00:00Z
takwa.sassi395@prospects.tn,meeting,physical,2022,2026-02-02T21:00:00Z
takwa.sassi395@prospects.tn,meeting,physical,1337,2026-05-01T22:00:00Z
takwa.sassi395@prospects.tn,form_submit,web,98,2026-05-26T07:00:00Z
takwa.sassi395@prospects.tn,email_opened,email,82,2026-04-03T19:00:00Z
takwa.sassi395@prospects.tn,email_opened,email,61,2026-04-28T01:00:00Z
takwa.sassi395@prospects.tn,email_opened,email,103,2026-02-16T01:00:00Z
takwa.sassi395@prospects.tn,website_visit,web,385,2026-04-19T08:00:00Z
takwa.sassi395@prospects.tn,website_visit,web,260,2026-04-26T14:00:00Z
takwa.sassi395@prospects.tn,website_visit,web,497,2026-04-04T03:00:00Z
takwa.sassi395@prospects.tn,website_visit,web,384,2026-05-22T04:00:00Z
takwa.sassi395@prospects.tn,website_visit,web,318,2026-02-09T10:00:00Z
takwa.sassi395@prospects.tn,website_visit,web,255,2026-05-07T04:00:00Z
takwa.sassi395@prospects.tn,website_visit,web,499,2026-03-01T18:00:00Z
yosr.hachicha396@prospects.tn,meeting,physical,2379,2026-05-17T00:00:00Z
yosr.hachicha396@prospects.tn,form_submit,web,288,2026-04-28T14:00:00Z
yosr.hachicha396@prospects.tn,email_opened,email,74,2026-05-02T10:00:00Z
yosr.hachicha396@prospects.tn,email_opened,email,67,2026-04-27T21:00:00Z
yosr.hachicha396@prospects.tn,website_visit,web,179,2026-05-13T08:00:00Z
yosr.hachicha396@prospects.tn,website_visit,web,254,2026-04-29T19:00:00Z
bilel.ferchichi397@prospects.tn,website_visit,web,462,2026-06-02T00:00:00Z
bilel.ferchichi397@prospects.tn,website_visit,web,423,2026-06-02T09:00:00Z
bilel.ferchichi397@prospects.tn,website_visit,web,182,2026-06-02T20:00:00Z
emna.aouadi398@prospects.tn,form_submit,web,201,2026-06-01T00:00:00Z
emna.aouadi398@prospects.tn,email_opened,email,139,2026-05-02T16:00:00Z
emna.aouadi398@prospects.tn,email_opened,email,135,2026-06-01T23:00:00Z
emna.aouadi398@prospects.tn,email_opened,email,58,2026-04-29T00:00:00Z
emna.aouadi398@prospects.tn,website_visit,web,348,2026-04-25T18:00:00Z
emna.aouadi398@prospects.tn,website_visit,web,184,2026-04-11T00:00:00Z
emna.aouadi398@prospects.tn,website_visit,web,52,2026-05-23T12:00:00Z
emna.aouadi398@prospects.tn,website_visit,web,108,2026-03-07T00:00:00Z
emna.aouadi398@prospects.tn,website_visit,web,346,2026-04-02T10:00:00Z
emna.aouadi398@prospects.tn,website_visit,web,309,2026-04-28T04:00:00Z
emna.aouadi398@prospects.tn,website_visit,web,188,2026-04-07T07:00:00Z
seif.yahyaoui399@prospects.tn,meeting,physical,1643,2026-05-20T00:00:00Z
seif.yahyaoui399@prospects.tn,form_submit,web,111,2026-03-25T17:00:00Z
seif.yahyaoui399@prospects.tn,email_opened,email,26,2026-04-22T02:00:00Z
seif.yahyaoui399@prospects.tn,email_opened,email,156,2026-04-19T10:00:00Z
seif.yahyaoui399@prospects.tn,website_visit,web,323,2026-04-07T21:00:00Z
seif.yahyaoui399@prospects.tn,website_visit,web,498,2026-04-04T06:00:00Z
seif.yahyaoui399@prospects.tn,website_visit,web,447,2026-04-16T05:00:00Z
seif.yahyaoui399@prospects.tn,website_visit,web,35,2026-05-02T08:00:00Z
seif.yahyaoui399@prospects.tn,website_visit,web,414,2026-04-07T06:00:00Z
bassem.sassi400@prospects.tn,meeting,physical,3317,2026-05-21T00:00:00Z
bassem.sassi400@prospects.tn,form_submit,web,123,2026-05-20T23:00:00Z
bassem.sassi400@prospects.tn,form_submit,web,107,2026-05-11T23:00:00Z
bassem.sassi400@prospects.tn,email_opened,email,64,2026-05-09T13:00:00Z
bassem.sassi400@prospects.tn,email_opened,email,149,2026-05-01T06:00:00Z
bassem.sassi400@prospects.tn,email_opened,email,168,2026-04-24T16:00:00Z
bassem.sassi400@prospects.tn,email_opened,email,152,2026-05-12T15:00:00Z
bassem.sassi400@prospects.tn,website_visit,web,77,2026-05-05T16:00:00Z
bassem.sassi400@prospects.tn,website_visit,web,98,2026-04-26T14:00:00Z
bassem.sassi400@prospects.tn,website_visit,web,402,2026-04-20T00:00:00Z
bassem.sassi400@prospects.tn,website_visit,web,122,2026-05-13T13:00:00Z
bassem.sassi400@prospects.tn,website_visit,web,76,2026-05-14T03:00:00Z
bassem.ghali401@prospects.tn,meeting,physical,1085,2026-05-08T00:00:00Z
bassem.ghali401@prospects.tn,meeting,physical,1476,2026-04-10T19:00:00Z
bassem.ghali401@prospects.tn,meeting,physical,1919,2026-04-20T23:00:00Z
bassem.ghali401@prospects.tn,form_submit,web,150,2026-04-25T11:00:00Z
bassem.ghali401@prospects.tn,email_opened,email,164,2026-05-03T05:00:00Z
bassem.ghali401@prospects.tn,email_opened,email,22,2026-05-03T05:00:00Z
bassem.ghali401@prospects.tn,email_opened,email,52,2026-04-18T16:00:00Z
bassem.ghali401@prospects.tn,email_opened,email,152,2026-04-16T23:00:00Z
bassem.ghali401@prospects.tn,email_opened,email,59,2026-04-18T11:00:00Z
bassem.ghali401@prospects.tn,email_opened,email,55,2026-04-14T05:00:00Z
bassem.ghali401@prospects.tn,website_visit,web,370,2026-04-08T15:00:00Z
bassem.ghali401@prospects.tn,website_visit,web,255,2026-04-20T09:00:00Z
bassem.ghali401@prospects.tn,website_visit,web,405,2026-05-02T20:00:00Z
bassem.ghali401@prospects.tn,website_visit,web,34,2026-04-30T08:00:00Z
walid.yahyaoui402@prospects.tn,form_submit,web,67,2026-03-31T00:00:00Z
bassem.mabrouk403@prospects.tn,email_opened,email,140,2026-03-05T00:00:00Z
bassem.mabrouk403@prospects.tn,website_visit,web,475,2026-03-05T04:00:00Z
bassem.mabrouk403@prospects.tn,website_visit,web,477,2026-03-05T21:00:00Z
donia.ghali404@prospects.tn,form_submit,web,266,2026-05-13T00:00:00Z
donia.ghali404@prospects.tn,form_submit,web,204,2026-03-27T08:00:00Z
donia.ghali404@prospects.tn,email_opened,email,177,2026-03-22T23:00:00Z
donia.ghali404@prospects.tn,email_opened,email,46,2026-04-06T10:00:00Z
donia.ghali404@prospects.tn,website_visit,web,142,2026-04-27T21:00:00Z
seif.elloumi405@prospects.tn,website_visit,web,108,2026-01-28T00:00:00Z
anis.guesmi406@prospects.tn,meeting,physical,1779,2026-06-03T00:00:00Z
anis.guesmi406@prospects.tn,form_submit,web,292,2026-05-23T16:00:00Z
anis.guesmi406@prospects.tn,email_opened,email,179,2026-03-29T10:00:00Z
anis.guesmi406@prospects.tn,email_opened,email,87,2026-03-09T08:00:00Z
anis.guesmi406@prospects.tn,website_visit,web,294,2026-03-29T15:00:00Z
anis.guesmi406@prospects.tn,website_visit,web,240,2026-05-23T17:00:00Z
anis.guesmi406@prospects.tn,website_visit,web,75,2026-04-13T21:00:00Z
anis.guesmi406@prospects.tn,website_visit,web,396,2026-02-26T21:00:00Z
anis.guesmi406@prospects.tn,website_visit,web,158,2026-06-03T10:00:00Z
anis.guesmi406@prospects.tn,website_visit,web,350,2026-05-22T16:00:00Z
sabri.aouadi407@prospects.tn,meeting,physical,2686,2026-05-24T00:00:00Z
sabri.aouadi407@prospects.tn,meeting,physical,3166,2026-02-01T17:00:00Z
sabri.aouadi407@prospects.tn,meeting,physical,1239,2026-03-13T17:00:00Z
sabri.aouadi407@prospects.tn,meeting,physical,2967,2026-02-24T22:00:00Z
sabri.aouadi407@prospects.tn,meeting,physical,1647,2026-04-03T05:00:00Z
sabri.aouadi407@prospects.tn,form_submit,web,263,2026-03-14T05:00:00Z
sabri.aouadi407@prospects.tn,form_submit,web,321,2026-02-07T21:00:00Z
sabri.aouadi407@prospects.tn,email_opened,email,69,2026-02-16T20:00:00Z
sabri.aouadi407@prospects.tn,email_opened,email,56,2026-04-17T19:00:00Z
sabri.aouadi407@prospects.tn,email_opened,email,194,2026-02-23T22:00:00Z
sabri.aouadi407@prospects.tn,email_opened,email,76,2026-02-14T17:00:00Z
sabri.aouadi407@prospects.tn,email_opened,email,24,2026-04-14T13:00:00Z
sabri.aouadi407@prospects.tn,email_opened,email,70,2026-05-15T06:00:00Z
sabri.aouadi407@prospects.tn,email_opened,email,110,2026-03-02T01:00:00Z
sabri.aouadi407@prospects.tn,website_visit,web,284,2026-03-18T09:00:00Z
sabri.aouadi407@prospects.tn,website_visit,web,322,2026-03-16T16:00:00Z
sabri.aouadi407@prospects.tn,website_visit,web,414,2026-03-20T15:00:00Z
sabri.aouadi407@prospects.tn,website_visit,web,92,2026-03-26T10:00:00Z
sabri.aouadi407@prospects.tn,website_visit,web,303,2026-02-12T23:00:00Z
sabri.aouadi407@prospects.tn,website_visit,web,455,2026-03-05T00:00:00Z
sabri.aouadi407@prospects.tn,website_visit,web,286,2026-02-04T08:00:00Z
sabri.aouadi407@prospects.tn,website_visit,web,283,2026-04-26T17:00:00Z
yosr.larbi408@prospects.tn,email_opened,email,120,2026-03-20T00:00:00Z
yosr.larbi408@prospects.tn,website_visit,web,317,2025-12-24T11:00:00Z
yosr.larbi408@prospects.tn,website_visit,web,114,2025-11-09T07:00:00Z
takwa.ferchichi409@prospects.tn,meeting,physical,1320,2026-05-31T00:00:00Z
takwa.ferchichi409@prospects.tn,meeting,physical,3474,2026-04-14T02:00:00Z
takwa.ferchichi409@prospects.tn,form_submit,web,366,2026-05-08T08:00:00Z
takwa.ferchichi409@prospects.tn,form_submit,web,301,2026-03-31T12:00:00Z
takwa.ferchichi409@prospects.tn,form_submit,web,178,2026-04-27T03:00:00Z
takwa.ferchichi409@prospects.tn,email_opened,email,189,2026-05-24T13:00:00Z
takwa.ferchichi409@prospects.tn,email_opened,email,132,2026-04-16T22:00:00Z
takwa.ferchichi409@prospects.tn,email_opened,email,96,2026-05-27T09:00:00Z
takwa.ferchichi409@prospects.tn,website_visit,web,435,2026-04-23T16:00:00Z
takwa.ferchichi409@prospects.tn,website_visit,web,78,2026-04-08T02:00:00Z
takwa.ferchichi409@prospects.tn,website_visit,web,292,2026-05-11T07:00:00Z
takwa.ferchichi409@prospects.tn,website_visit,web,395,2026-05-28T22:00:00Z
takwa.ferchichi409@prospects.tn,website_visit,web,327,2026-05-20T13:00:00Z
takwa.ferchichi409@prospects.tn,website_visit,web,247,2026-04-02T20:00:00Z
ghada.rekik410@prospects.tn,meeting,physical,2676,2026-02-01T00:00:00Z
ghada.rekik410@prospects.tn,website_visit,web,355,2026-01-19T22:00:00Z
ghada.rekik410@prospects.tn,website_visit,web,151,2026-01-31T17:00:00Z
sirine.hachicha411@prospects.tn,meeting,physical,3276,2026-05-26T00:00:00Z
sirine.hachicha411@prospects.tn,form_submit,web,369,2026-05-23T11:00:00Z
sirine.hachicha411@prospects.tn,email_opened,email,127,2026-05-26T14:00:00Z
sirine.hachicha411@prospects.tn,email_opened,email,120,2026-05-23T12:00:00Z
sirine.hachicha411@prospects.tn,website_visit,web,382,2026-05-26T21:00:00Z
sirine.hachicha411@prospects.tn,website_visit,web,396,2026-05-23T06:00:00Z
mariem.jelassi412@prospects.tn,meeting,physical,1095,2026-05-25T00:00:00Z
mariem.jelassi412@prospects.tn,email_opened,email,103,2026-05-23T10:00:00Z
mariem.jelassi412@prospects.tn,email_opened,email,137,2026-05-15T11:00:00Z
mariem.jelassi412@prospects.tn,email_opened,email,198,2026-05-08T15:00:00Z
mariem.jelassi412@prospects.tn,website_visit,web,340,2026-05-05T10:00:00Z
mariem.jelassi412@prospects.tn,website_visit,web,149,2026-05-14T19:00:00Z
mariem.jelassi412@prospects.tn,website_visit,web,408,2026-05-20T23:00:00Z
mariem.jelassi412@prospects.tn,website_visit,web,421,2026-05-10T10:00:00Z
mariem.jelassi412@prospects.tn,website_visit,web,97,2026-05-12T03:00:00Z
mariem.jelassi412@prospects.tn,website_visit,web,122,2026-05-05T20:00:00Z
mariem.jelassi412@prospects.tn,website_visit,web,300,2026-05-15T10:00:00Z
mariem.jelassi412@prospects.tn,website_visit,web,409,2026-05-22T15:00:00Z
mariem.jelassi412@prospects.tn,website_visit,web,457,2026-05-23T05:00:00Z
mariem.jelassi412@prospects.tn,website_visit,web,295,2026-05-15T06:00:00Z
sabri.chaouch413@prospects.tn,form_submit,web,346,2026-01-10T00:00:00Z
sabri.chaouch413@prospects.tn,website_visit,web,290,2026-01-03T19:00:00Z
sabri.chaouch413@prospects.tn,website_visit,web,106,2026-01-08T02:00:00Z
marwen.mejri414@prospects.tn,meeting,physical,1236,2026-05-16T00:00:00Z
marwen.mejri414@prospects.tn,meeting,physical,2226,2026-05-02T07:00:00Z
marwen.mejri414@prospects.tn,meeting,physical,1820,2026-05-02T14:00:00Z
marwen.mejri414@prospects.tn,meeting,physical,2712,2026-05-15T06:00:00Z
marwen.mejri414@prospects.tn,form_submit,web,80,2026-04-29T00:00:00Z
marwen.mejri414@prospects.tn,form_submit,web,185,2026-05-04T07:00:00Z
marwen.mejri414@prospects.tn,email_opened,email,160,2026-04-25T19:00:00Z
marwen.mejri414@prospects.tn,email_opened,email,59,2026-05-10T14:00:00Z
marwen.mejri414@prospects.tn,email_opened,email,190,2026-05-08T17:00:00Z
marwen.mejri414@prospects.tn,email_opened,email,90,2026-05-12T18:00:00Z
marwen.mejri414@prospects.tn,email_opened,email,26,2026-05-01T13:00:00Z
marwen.mejri414@prospects.tn,website_visit,web,268,2026-04-30T16:00:00Z
marwen.mejri414@prospects.tn,website_visit,web,129,2026-05-13T12:00:00Z
marwen.mejri414@prospects.tn,website_visit,web,441,2026-05-15T18:00:00Z
fares.oueslati415@prospects.tn,meeting,physical,3271,2026-01-29T00:00:00Z
fares.oueslati415@prospects.tn,email_opened,email,52,2026-01-23T17:00:00Z
fares.oueslati415@prospects.tn,email_opened,email,44,2026-01-13T03:00:00Z
fares.oueslati415@prospects.tn,email_opened,email,149,2026-01-07T23:00:00Z
fares.oueslati415@prospects.tn,website_visit,web,377,2026-01-15T22:00:00Z
hamza.mabrouk416@prospects.tn,meeting,physical,2852,2026-05-26T00:00:00Z
hamza.mabrouk416@prospects.tn,email_opened,email,200,2026-03-21T22:00:00Z
hamza.mabrouk416@prospects.tn,email_opened,email,57,2026-05-19T13:00:00Z
hamza.mabrouk416@prospects.tn,email_opened,email,36,2026-04-04T12:00:00Z
hamza.mabrouk416@prospects.tn,website_visit,web,364,2026-04-14T21:00:00Z
hamza.mabrouk416@prospects.tn,website_visit,web,196,2026-05-14T09:00:00Z
hamza.mabrouk416@prospects.tn,website_visit,web,48,2026-05-25T22:00:00Z
hamza.mabrouk416@prospects.tn,website_visit,web,383,2026-04-25T10:00:00Z
hamza.mabrouk416@prospects.tn,website_visit,web,156,2026-04-16T18:00:00Z
hamza.mabrouk416@prospects.tn,website_visit,web,306,2026-05-22T13:00:00Z
hamza.mabrouk416@prospects.tn,website_visit,web,144,2026-04-05T17:00:00Z
seif.yahyaoui417@prospects.tn,email_opened,email,65,2026-06-05T00:00:00Z
seif.yahyaoui417@prospects.tn,website_visit,web,442,2026-06-04T20:00:00Z
seif.yahyaoui417@prospects.tn,website_visit,web,107,2026-06-05T23:00:00Z
hatem.zouari418@prospects.tn,form_submit,web,150,2026-05-31T00:00:00Z
hatem.zouari418@prospects.tn,email_opened,email,130,2026-05-10T08:00:00Z
hatem.zouari418@prospects.tn,website_visit,web,465,2026-05-17T06:00:00Z
hatem.zouari418@prospects.tn,website_visit,web,144,2026-05-12T11:00:00Z
hatem.zouari418@prospects.tn,website_visit,web,270,2026-05-25T20:00:00Z
hatem.zouari418@prospects.tn,website_visit,web,61,2026-05-07T10:00:00Z
maha.brahmi419@prospects.tn,meeting,physical,2154,2026-05-26T00:00:00Z
maha.brahmi419@prospects.tn,meeting,physical,1013,2026-05-12T05:00:00Z
maha.brahmi419@prospects.tn,meeting,physical,3226,2026-05-17T06:00:00Z
maha.brahmi419@prospects.tn,form_submit,web,348,2026-04-23T03:00:00Z
maha.brahmi419@prospects.tn,email_opened,email,115,2026-03-29T19:00:00Z
maha.brahmi419@prospects.tn,email_opened,email,37,2026-04-26T18:00:00Z
maha.brahmi419@prospects.tn,email_opened,email,64,2026-04-01T14:00:00Z
maha.brahmi419@prospects.tn,website_visit,web,111,2026-04-01T16:00:00Z
maha.brahmi419@prospects.tn,website_visit,web,340,2026-03-29T14:00:00Z
maha.brahmi419@prospects.tn,website_visit,web,332,2026-03-13T19:00:00Z
chedi.feki420@prospects.tn,meeting,physical,2762,2026-05-09T00:00:00Z
chedi.feki420@prospects.tn,meeting,physical,3597,2026-05-02T10:00:00Z
chedi.feki420@prospects.tn,meeting,physical,3144,2026-05-04T11:00:00Z
chedi.feki420@prospects.tn,form_submit,web,259,2026-05-03T07:00:00Z
chedi.feki420@prospects.tn,email_opened,email,134,2026-05-08T06:00:00Z
chedi.feki420@prospects.tn,website_visit,web,498,2026-05-07T01:00:00Z
chedi.feki420@prospects.tn,website_visit,web,74,2026-05-06T01:00:00Z
chedi.feki420@prospects.tn,website_visit,web,357,2026-05-08T21:00:00Z
chedi.feki420@prospects.tn,website_visit,web,298,2026-05-02T16:00:00Z
skander.sassi422@prospects.tn,form_submit,web,105,2026-06-03T00:00:00Z
skander.sassi422@prospects.tn,website_visit,web,172,2026-05-29T23:00:00Z
skander.sassi422@prospects.tn,website_visit,web,471,2026-06-03T18:00:00Z
donia.jelassi423@prospects.tn,email_opened,email,65,2026-05-26T00:00:00Z
donia.jelassi423@prospects.tn,website_visit,web,275,2026-05-25T06:00:00Z
donia.jelassi423@prospects.tn,website_visit,web,204,2026-05-25T14:00:00Z
lina.mabrouk424@prospects.tn,website_visit,web,352,2026-03-19T00:00:00Z
lina.mabrouk424@prospects.tn,website_visit,web,431,2026-02-23T07:00:00Z
lina.mabrouk424@prospects.tn,website_visit,web,483,2026-02-21T12:00:00Z
lina.mabrouk424@prospects.tn,website_visit,web,440,2026-01-10T04:00:00Z
lina.mabrouk424@prospects.tn,website_visit,web,184,2026-01-23T19:00:00Z
lina.mabrouk424@prospects.tn,website_visit,web,105,2026-02-05T19:00:00Z
sabri.riahi425@prospects.tn,meeting,physical,1676,2026-05-17T00:00:00Z
sabri.riahi425@prospects.tn,meeting,physical,2899,2026-02-17T20:00:00Z
sabri.riahi425@prospects.tn,meeting,physical,1938,2026-02-22T03:00:00Z
sabri.riahi425@prospects.tn,meeting,physical,3358,2026-02-28T15:00:00Z
sabri.riahi425@prospects.tn,form_submit,web,65,2026-02-16T05:00:00Z
sabri.riahi425@prospects.tn,form_submit,web,380,2026-04-17T10:00:00Z
sabri.riahi425@prospects.tn,email_opened,email,197,2026-03-01T23:00:00Z
sabri.riahi425@prospects.tn,email_opened,email,121,2026-03-12T21:00:00Z
sabri.riahi425@prospects.tn,email_opened,email,30,2026-05-10T22:00:00Z
sabri.riahi425@prospects.tn,email_opened,email,198,2026-03-30T09:00:00Z
sabri.riahi425@prospects.tn,email_opened,email,134,2026-04-17T09:00:00Z
sabri.riahi425@prospects.tn,email_opened,email,52,2026-03-16T18:00:00Z
sabri.riahi425@prospects.tn,email_opened,email,189,2026-03-13T03:00:00Z
sabri.riahi425@prospects.tn,website_visit,web,368,2026-05-16T03:00:00Z
sabri.riahi425@prospects.tn,website_visit,web,129,2026-03-30T06:00:00Z
firas.gabsi426@prospects.tn,meeting,physical,2685,2026-06-01T00:00:00Z
firas.gabsi426@prospects.tn,website_visit,web,330,2026-05-31T04:00:00Z
firas.gabsi426@prospects.tn,website_visit,web,204,2026-05-27T19:00:00Z
firas.gabsi426@prospects.tn,website_visit,web,239,2026-06-01T01:00:00Z
yassine.karoui427@prospects.tn,meeting,physical,1527,2026-05-29T00:00:00Z
yassine.karoui427@prospects.tn,meeting,physical,2095,2026-02-17T04:00:00Z
yassine.karoui427@prospects.tn,meeting,physical,2970,2026-04-08T10:00:00Z
yassine.karoui427@prospects.tn,meeting,physical,1160,2026-02-04T03:00:00Z
yassine.karoui427@prospects.tn,meeting,physical,1822,2026-04-25T02:00:00Z
yassine.karoui427@prospects.tn,meeting,physical,1653,2026-03-21T16:00:00Z
yassine.karoui427@prospects.tn,meeting,physical,3469,2026-04-06T00:00:00Z
yassine.karoui427@prospects.tn,form_submit,web,159,2026-04-17T23:00:00Z
yassine.karoui427@prospects.tn,email_opened,email,105,2026-02-18T23:00:00Z
yassine.karoui427@prospects.tn,email_opened,email,188,2026-05-27T10:00:00Z
yassine.karoui427@prospects.tn,email_opened,email,132,2026-03-16T01:00:00Z
yassine.karoui427@prospects.tn,email_opened,email,26,2026-02-15T03:00:00Z
yassine.karoui427@prospects.tn,email_opened,email,132,2026-04-25T07:00:00Z
yassine.karoui427@prospects.tn,email_opened,email,37,2026-01-28T12:00:00Z
yassine.karoui427@prospects.tn,email_opened,email,82,2026-01-28T18:00:00Z
yassine.karoui427@prospects.tn,website_visit,web,323,2026-02-04T12:00:00Z
yassine.karoui427@prospects.tn,website_visit,web,285,2026-05-06T18:00:00Z
yassine.karoui427@prospects.tn,website_visit,web,162,2026-02-12T07:00:00Z
yassine.karoui427@prospects.tn,website_visit,web,300,2026-05-05T20:00:00Z
chedi.hachicha428@prospects.tn,meeting,physical,1924,2026-06-03T00:00:00Z
chedi.hachicha428@prospects.tn,website_visit,web,191,2026-06-02T04:00:00Z
chedi.hachicha428@prospects.tn,website_visit,web,340,2026-06-01T17:00:00Z
chedi.hachicha428@prospects.tn,website_visit,web,247,2026-05-29T07:00:00Z
jihen.sfar429@prospects.tn,email_opened,email,52,2026-05-31T00:00:00Z
jihen.sfar429@prospects.tn,email_opened,email,180,2026-05-31T13:00:00Z
jihen.sfar429@prospects.tn,website_visit,web,195,2026-05-31T23:00:00Z
jihen.sfar429@prospects.tn,website_visit,web,121,2026-05-31T14:00:00Z
jihen.sfar429@prospects.tn,website_visit,web,497,2026-05-31T14:00:00Z
jihen.sfar429@prospects.tn,website_visit,web,222,2026-05-31T10:00:00Z
zied.limam430@prospects.tn,meeting,physical,2435,2026-05-11T00:00:00Z
zied.limam430@prospects.tn,meeting,physical,3537,2026-05-11T19:00:00Z
zied.limam430@prospects.tn,meeting,physical,2157,2026-05-05T01:00:00Z
zied.limam430@prospects.tn,meeting,physical,1774,2026-05-02T06:00:00Z
zied.limam430@prospects.tn,form_submit,web,261,2026-05-04T17:00:00Z
zied.limam430@prospects.tn,email_opened,email,56,2026-05-01T21:00:00Z
zied.limam430@prospects.tn,email_opened,email,140,2026-05-05T16:00:00Z
zied.limam430@prospects.tn,email_opened,email,47,2026-05-05T05:00:00Z
zied.limam430@prospects.tn,email_opened,email,158,2026-05-06T00:00:00Z
zied.limam430@prospects.tn,website_visit,web,348,2026-05-10T06:00:00Z
zied.limam430@prospects.tn,website_visit,web,246,2026-05-05T18:00:00Z
zied.limam430@prospects.tn,website_visit,web,168,2026-05-09T05:00:00Z
takwa.hachicha431@prospects.tn,meeting,physical,3408,2026-05-31T00:00:00Z
takwa.hachicha431@prospects.tn,meeting,physical,3073,2026-02-16T06:00:00Z
takwa.hachicha431@prospects.tn,meeting,physical,3472,2026-03-08T02:00:00Z
takwa.hachicha431@prospects.tn,meeting,physical,1044,2026-03-15T19:00:00Z
takwa.hachicha431@prospects.tn,form_submit,web,109,2026-05-24T10:00:00Z
takwa.hachicha431@prospects.tn,form_submit,web,93,2026-04-12T14:00:00Z
takwa.hachicha431@prospects.tn,form_submit,web,103,2026-03-29T10:00:00Z
takwa.hachicha431@prospects.tn,email_opened,email,25,2026-04-28T05:00:00Z
takwa.hachicha431@prospects.tn,email_opened,email,22,2026-03-06T09:00:00Z
takwa.hachicha431@prospects.tn,email_opened,email,33,2026-02-09T17:00:00Z
takwa.hachicha431@prospects.tn,email_opened,email,104,2026-02-17T04:00:00Z
takwa.hachicha431@prospects.tn,email_opened,email,43,2026-02-17T13:00:00Z
takwa.hachicha431@prospects.tn,email_opened,email,100,2026-02-12T17:00:00Z
takwa.hachicha431@prospects.tn,website_visit,web,491,2026-05-24T19:00:00Z
takwa.hachicha431@prospects.tn,website_visit,web,476,2026-03-21T05:00:00Z
takwa.hachicha431@prospects.tn,website_visit,web,197,2026-04-09T17:00:00Z
takwa.hachicha431@prospects.tn,website_visit,web,118,2026-04-18T15:00:00Z
takwa.hachicha431@prospects.tn,website_visit,web,395,2026-04-27T08:00:00Z
rania.chaabane432@prospects.tn,meeting,physical,3295,2026-05-31T00:00:00Z
rania.chaabane432@prospects.tn,meeting,physical,3242,2026-02-19T05:00:00Z
rania.chaabane432@prospects.tn,form_submit,web,153,2026-02-28T19:00:00Z
rania.chaabane432@prospects.tn,email_opened,email,134,2026-03-21T21:00:00Z
rania.chaabane432@prospects.tn,email_opened,email,25,2026-04-02T04:00:00Z
rania.chaabane432@prospects.tn,email_opened,email,145,2026-02-25T21:00:00Z
rania.chaabane432@prospects.tn,email_opened,email,191,2026-03-08T20:00:00Z
rania.chaabane432@prospects.tn,email_opened,email,165,2026-03-24T09:00:00Z
rania.chaabane432@prospects.tn,email_opened,email,108,2026-05-13T02:00:00Z
rania.chaabane432@prospects.tn,email_opened,email,106,2026-03-28T19:00:00Z
rania.chaabane432@prospects.tn,website_visit,web,58,2026-05-24T15:00:00Z
rania.chaabane432@prospects.tn,website_visit,web,468,2026-02-13T19:00:00Z
rania.chaabane432@prospects.tn,website_visit,web,204,2026-04-27T13:00:00Z
karim.ghali433@prospects.tn,form_submit,web,281,2026-05-27T00:00:00Z
karim.ghali433@prospects.tn,form_submit,web,232,2026-03-10T15:00:00Z
karim.ghali433@prospects.tn,form_submit,web,80,2026-04-25T12:00:00Z
karim.ghali433@prospects.tn,email_opened,email,89,2026-01-27T22:00:00Z
karim.ghali433@prospects.tn,email_opened,email,188,2026-03-28T22:00:00Z
karim.ghali433@prospects.tn,email_opened,email,137,2026-04-24T10:00:00Z
karim.ghali433@prospects.tn,email_opened,email,188,2026-04-21T16:00:00Z
karim.ghali433@prospects.tn,email_opened,email,40,2026-05-06T13:00:00Z
karim.ghali433@prospects.tn,email_opened,email,105,2026-04-15T04:00:00Z
karim.ghali433@prospects.tn,email_opened,email,161,2026-04-16T23:00:00Z
karim.ghali433@prospects.tn,email_opened,email,28,2026-03-25T17:00:00Z
karim.ghali433@prospects.tn,email_opened,email,53,2026-03-08T15:00:00Z
karim.ghali433@prospects.tn,email_opened,email,179,2026-03-31T08:00:00Z
karim.ghali433@prospects.tn,website_visit,web,20,2026-02-08T14:00:00Z
karim.ghali433@prospects.tn,website_visit,web,391,2026-02-08T21:00:00Z
karim.ghali433@prospects.tn,website_visit,web,308,2026-04-09T16:00:00Z
karim.ghali433@prospects.tn,website_visit,web,24,2026-02-16T00:00:00Z
karim.ghali433@prospects.tn,website_visit,web,169,2026-02-19T03:00:00Z
karim.ghali433@prospects.tn,website_visit,web,209,2026-03-21T02:00:00Z
lina.ghali434@prospects.tn,meeting,physical,2787,2026-05-31T00:00:00Z
lina.ghali434@prospects.tn,meeting,physical,3484,2026-05-03T05:00:00Z
lina.ghali434@prospects.tn,form_submit,web,229,2026-05-03T22:00:00Z
lina.ghali434@prospects.tn,form_submit,web,400,2026-05-03T00:00:00Z
lina.ghali434@prospects.tn,form_submit,web,114,2026-05-25T21:00:00Z
lina.ghali434@prospects.tn,email_opened,email,176,2026-05-12T06:00:00Z
lina.ghali434@prospects.tn,email_opened,email,51,2026-05-01T22:00:00Z
lina.ghali434@prospects.tn,email_opened,email,34,2026-05-03T12:00:00Z
lina.ghali434@prospects.tn,website_visit,web,375,2026-05-18T20:00:00Z
lina.ghali434@prospects.tn,website_visit,web,86,2026-05-31T06:00:00Z
lina.ghali434@prospects.tn,website_visit,web,117,2026-05-28T06:00:00Z
lina.ghali434@prospects.tn,website_visit,web,485,2026-05-29T19:00:00Z
lina.ghali434@prospects.tn,website_visit,web,396,2026-05-09T15:00:00Z
wassim.issaoui435@prospects.tn,meeting,physical,1666,2026-05-20T00:00:00Z
wassim.issaoui435@prospects.tn,meeting,physical,2216,2026-05-17T20:00:00Z
wassim.issaoui435@prospects.tn,meeting,physical,1832,2026-05-13T06:00:00Z
wassim.issaoui435@prospects.tn,email_opened,email,61,2026-05-15T08:00:00Z
wassim.issaoui435@prospects.tn,email_opened,email,121,2026-05-14T23:00:00Z
wassim.issaoui435@prospects.tn,email_opened,email,182,2026-05-12T16:00:00Z
wassim.issaoui435@prospects.tn,email_opened,email,171,2026-05-09T20:00:00Z
wassim.issaoui435@prospects.tn,website_visit,web,166,2026-05-19T08:00:00Z
wassim.issaoui435@prospects.tn,website_visit,web,322,2026-05-13T05:00:00Z
wassim.issaoui435@prospects.tn,website_visit,web,226,2026-05-10T01:00:00Z
emna.chaouch436@prospects.tn,email_opened,email,112,2026-05-25T00:00:00Z
emna.chaouch436@prospects.tn,website_visit,web,372,2026-05-24T18:00:00Z
emna.chaouch436@prospects.tn,website_visit,web,363,2026-05-25T23:00:00Z
zied.selmi437@prospects.tn,form_submit,web,226,2026-05-20T00:00:00Z
zied.selmi437@prospects.tn,email_opened,email,123,2026-04-16T11:00:00Z
zied.selmi437@prospects.tn,email_opened,email,138,2026-03-22T13:00:00Z
zied.selmi437@prospects.tn,email_opened,email,138,2026-05-11T21:00:00Z
zied.selmi437@prospects.tn,email_opened,email,135,2026-05-18T05:00:00Z
zied.selmi437@prospects.tn,email_opened,email,59,2026-03-31T18:00:00Z
zied.selmi437@prospects.tn,email_opened,email,56,2026-04-02T06:00:00Z
zied.selmi437@prospects.tn,email_opened,email,118,2026-03-28T00:00:00Z
zied.selmi437@prospects.tn,email_opened,email,127,2026-04-16T15:00:00Z
zied.selmi437@prospects.tn,email_opened,email,26,2026-03-31T08:00:00Z
zied.selmi437@prospects.tn,website_visit,web,462,2026-04-12T06:00:00Z
zied.selmi437@prospects.tn,website_visit,web,86,2026-03-23T15:00:00Z
zied.selmi437@prospects.tn,website_visit,web,418,2026-04-16T05:00:00Z
zied.selmi437@prospects.tn,website_visit,web,177,2026-04-10T17:00:00Z
zied.selmi437@prospects.tn,website_visit,web,210,2026-04-08T07:00:00Z
zied.selmi437@prospects.tn,website_visit,web,460,2026-04-03T15:00:00Z
zied.selmi437@prospects.tn,website_visit,web,338,2026-04-29T23:00:00Z
zied.selmi437@prospects.tn,website_visit,web,91,2026-04-22T13:00:00Z
khalil.haddad438@prospects.tn,email_opened,email,145,2026-05-25T00:00:00Z
khalil.haddad438@prospects.tn,website_visit,web,21,2026-05-22T20:00:00Z
karim.zouari439@prospects.tn,website_visit,web,204,2026-01-08T00:00:00Z
iheb.naffati440@prospects.tn,email_opened,email,52,2026-05-30T00:00:00Z
iheb.naffati440@prospects.tn,email_opened,email,102,2026-05-29T22:00:00Z
iheb.naffati440@prospects.tn,email_opened,email,181,2026-05-29T07:00:00Z
iheb.naffati440@prospects.tn,website_visit,web,308,2026-05-30T18:00:00Z
rim.sassi441@prospects.tn,meeting,physical,2495,2026-05-19T00:00:00Z
rim.sassi441@prospects.tn,meeting,physical,1691,2026-04-13T10:00:00Z
rim.sassi441@prospects.tn,meeting,physical,2031,2026-04-27T10:00:00Z
rim.sassi441@prospects.tn,form_submit,web,133,2026-05-04T17:00:00Z
rim.sassi441@prospects.tn,form_submit,web,246,2026-04-08T20:00:00Z
rim.sassi441@prospects.tn,email_opened,email,35,2026-04-08T19:00:00Z
rim.sassi441@prospects.tn,email_opened,email,141,2026-05-04T03:00:00Z
rim.sassi441@prospects.tn,email_opened,email,83,2026-04-14T23:00:00Z
rim.sassi441@prospects.tn,email_opened,email,77,2026-03-30T23:00:00Z
rim.sassi441@prospects.tn,email_opened,email,182,2026-04-08T16:00:00Z
rim.sassi441@prospects.tn,email_opened,email,20,2026-05-17T16:00:00Z
rim.sassi441@prospects.tn,email_opened,email,103,2026-04-14T07:00:00Z
rim.sassi441@prospects.tn,website_visit,web,197,2026-05-16T12:00:00Z
rim.sassi441@prospects.tn,website_visit,web,437,2026-04-23T22:00:00Z
rim.sassi441@prospects.tn,website_visit,web,332,2026-05-18T00:00:00Z
rim.sassi441@prospects.tn,website_visit,web,262,2026-04-15T08:00:00Z
rim.sassi441@prospects.tn,website_visit,web,302,2026-04-09T04:00:00Z
rim.sassi441@prospects.tn,website_visit,web,89,2026-04-14T00:00:00Z
rim.sassi441@prospects.tn,website_visit,web,416,2026-03-28T20:00:00Z
iheb.mejri442@prospects.tn,email_opened,email,175,2025-12-24T00:00:00Z
iheb.mejri442@prospects.tn,email_opened,email,136,2025-12-23T18:00:00Z
iheb.mejri442@prospects.tn,website_visit,web,160,2025-12-23T10:00:00Z
bilel.chaabane443@prospects.tn,meeting,physical,1041,2026-05-25T00:00:00Z
bilel.chaabane443@prospects.tn,meeting,physical,3536,2026-05-02T04:00:00Z
bilel.chaabane443@prospects.tn,meeting,physical,2058,2026-05-04T03:00:00Z
bilel.chaabane443@prospects.tn,form_submit,web,225,2026-05-16T05:00:00Z
bilel.chaabane443@prospects.tn,form_submit,web,349,2026-05-22T07:00:00Z
bilel.chaabane443@prospects.tn,form_submit,web,351,2026-05-02T11:00:00Z
bilel.chaabane443@prospects.tn,email_opened,email,30,2026-05-11T10:00:00Z
bilel.chaabane443@prospects.tn,email_opened,email,150,2026-05-02T13:00:00Z
bilel.chaabane443@prospects.tn,email_opened,email,34,2026-05-10T02:00:00Z
bilel.chaabane443@prospects.tn,email_opened,email,53,2026-05-15T12:00:00Z
bilel.chaabane443@prospects.tn,website_visit,web,269,2026-05-17T01:00:00Z
bilel.chaabane443@prospects.tn,website_visit,web,47,2026-05-16T13:00:00Z
bilel.chaabane443@prospects.tn,website_visit,web,489,2026-05-20T12:00:00Z
jihen.gabsi444@prospects.tn,meeting,physical,1073,2026-05-08T00:00:00Z
jihen.gabsi444@prospects.tn,meeting,physical,1072,2026-05-08T00:00:00Z
jihen.gabsi444@prospects.tn,meeting,physical,1797,2026-05-07T15:00:00Z
jihen.gabsi444@prospects.tn,form_submit,web,179,2026-05-05T21:00:00Z
jihen.gabsi444@prospects.tn,form_submit,web,138,2026-05-08T17:00:00Z
jihen.gabsi444@prospects.tn,email_opened,email,55,2026-05-05T01:00:00Z
jihen.gabsi444@prospects.tn,email_opened,email,148,2026-05-06T18:00:00Z
jihen.gabsi444@prospects.tn,website_visit,web,178,2026-05-05T06:00:00Z
jihen.gabsi444@prospects.tn,website_visit,web,180,2026-05-06T18:00:00Z
jihen.gabsi444@prospects.tn,website_visit,web,213,2026-05-08T00:00:00Z
jihen.gabsi444@prospects.tn,website_visit,web,402,2026-05-07T22:00:00Z
jihen.gabsi444@prospects.tn,website_visit,web,339,2026-05-05T18:00:00Z
jihen.gabsi444@prospects.tn,website_visit,web,358,2026-05-07T16:00:00Z
karim.limam445@prospects.tn,meeting,physical,1701,2026-05-30T00:00:00Z
karim.limam445@prospects.tn,meeting,physical,2239,2026-05-17T19:00:00Z
karim.limam445@prospects.tn,meeting,physical,1966,2026-05-30T21:00:00Z
karim.limam445@prospects.tn,email_opened,email,120,2026-05-21T12:00:00Z
karim.limam445@prospects.tn,email_opened,email,50,2026-05-02T05:00:00Z
karim.limam445@prospects.tn,email_opened,email,186,2026-04-26T01:00:00Z
karim.limam445@prospects.tn,email_opened,email,93,2026-05-13T03:00:00Z
karim.limam445@prospects.tn,website_visit,web,246,2026-05-02T06:00:00Z
karim.limam445@prospects.tn,website_visit,web,29,2026-05-25T23:00:00Z
yosr.larbi446@prospects.tn,meeting,physical,2267,2026-05-08T00:00:00Z
yosr.larbi446@prospects.tn,email_opened,email,72,2026-03-23T15:00:00Z
yosr.larbi446@prospects.tn,email_opened,email,147,2026-05-02T17:00:00Z
yosr.larbi446@prospects.tn,email_opened,email,119,2026-04-07T21:00:00Z
yosr.larbi446@prospects.tn,website_visit,web,383,2026-04-02T02:00:00Z
yosr.larbi446@prospects.tn,website_visit,web,182,2026-03-15T00:00:00Z
yosr.larbi446@prospects.tn,website_visit,web,249,2026-03-05T19:00:00Z
yosr.larbi446@prospects.tn,website_visit,web,215,2026-03-08T00:00:00Z
yosr.larbi446@prospects.tn,website_visit,web,323,2026-04-06T00:00:00Z
yosr.larbi446@prospects.tn,website_visit,web,400,2026-04-09T14:00:00Z
fares.hachicha447@prospects.tn,website_visit,web,169,2026-03-13T00:00:00Z
fares.hachicha447@prospects.tn,website_visit,web,87,2026-02-23T14:00:00Z
nour.chaabane448@prospects.tn,meeting,physical,3206,2026-06-04T00:00:00Z
nour.chaabane448@prospects.tn,form_submit,web,305,2026-01-18T15:00:00Z
nour.chaabane448@prospects.tn,form_submit,web,92,2026-04-29T14:00:00Z
nour.chaabane448@prospects.tn,email_opened,email,197,2026-04-24T05:00:00Z
nour.chaabane448@prospects.tn,email_opened,email,59,2026-01-12T18:00:00Z
nour.chaabane448@prospects.tn,email_opened,email,75,2026-01-20T21:00:00Z
nour.chaabane448@prospects.tn,website_visit,web,48,2026-01-25T08:00:00Z
nour.chaabane448@prospects.tn,website_visit,web,218,2026-03-22T23:00:00Z
nour.chaabane448@prospects.tn,website_visit,web,362,2026-05-11T06:00:00Z
nour.chaabane448@prospects.tn,website_visit,web,208,2026-03-18T00:00:00Z
nour.chaabane448@prospects.tn,website_visit,web,30,2026-03-19T06:00:00Z
rania.selmi449@prospects.tn,meeting,physical,1262,2026-06-04T00:00:00Z
rania.selmi449@prospects.tn,meeting,physical,3349,2026-04-21T13:00:00Z
rania.selmi449@prospects.tn,meeting,physical,2404,2026-03-08T18:00:00Z
rania.selmi449@prospects.tn,form_submit,web,293,2026-05-05T11:00:00Z
rania.selmi449@prospects.tn,form_submit,web,301,2026-05-22T11:00:00Z
rania.selmi449@prospects.tn,form_submit,web,338,2026-04-07T04:00:00Z
rania.selmi449@prospects.tn,email_opened,email,61,2026-05-29T21:00:00Z
rania.selmi449@prospects.tn,email_opened,email,115,2026-05-07T11:00:00Z
rania.selmi449@prospects.tn,email_opened,email,188,2026-05-13T02:00:00Z
rania.selmi449@prospects.tn,website_visit,web,476,2026-03-28T04:00:00Z
rania.selmi449@prospects.tn,website_visit,web,205,2026-04-18T11:00:00Z
rania.selmi449@prospects.tn,website_visit,web,386,2026-05-22T14:00:00Z
rania.selmi449@prospects.tn,website_visit,web,297,2026-03-06T01:00:00Z
rania.selmi449@prospects.tn,website_visit,web,291,2026-04-20T16:00:00Z
rania.selmi449@prospects.tn,website_visit,web,89,2026-03-01T19:00:00Z
rania.selmi449@prospects.tn,website_visit,web,179,2026-04-20T17:00:00Z
rania.selmi449@prospects.tn,website_visit,web,391,2026-03-04T18:00:00Z
ines.larbi450@prospects.tn,email_opened,email,145,2026-06-03T00:00:00Z
ines.larbi450@prospects.tn,website_visit,web,74,2026-05-28T17:00:00Z
ines.larbi450@prospects.tn,website_visit,web,181,2026-05-29T16:00:00Z
ines.larbi450@prospects.tn,website_visit,web,389,2026-06-02T12:00:00Z
